-1,0,1,2,3,4,5,6,7,8,9,10,11,12,13,14,15,16,17,18,19,20,21,22,23,24,25,26,27,28,29,30,31,32,33,34,35,36,37,38,39,40,41,42,43,44,45,46,47,48,49,50,51,52,53,54,55,56,57,58,59,60,61,62,63,64,65,66,67,68,69,70,71,72,73,74,75,76,77,78,79,80,81,82,83,84,85,86,87,88,89,90,91,92,93,94,95,96,97,98,99,100,101,102,103,104,105,106,107,108,109,110,111,112,113,114,115,116,117,118,119,120,121,122,123,124,125,126,127,128,129,130,131,132,133,134,135,136,137,138,139,140,141,142,143,144,145,146,147,148,,
79,-1,-1,-1,-1,-1,-1,-1,-1,-1,-1,-1,-1,-1,-1,-1,-1,-1,-1,-1,-1,-1,-1,-1,-1,-1,-1,-1,-1,-1,-1,-1,-1,-1,-1,-1,-1,-1,-1,-1,-1,-1,-1,-1,-1,-1,-1,-1,-1,-1,-1,-1,-1,-1,-1,-1,-1,-1,-1,-1,-1,-1,-1,-1,-1,-1,-1,-1,-1,-1,-1,-1,-1,-1,-1,-1,-1,-1,-1,-1,-1,-1,-1,-1,-1,-1,-1,-1,-1,-1,-1,-1,-1,-1,-1,-1,-1,-1,-1,-1,-1,-1,-1,-1,-1,-1,-1,-1,-1,-1,-1,-1,-1,-1,-1,-1,-1,-1,-1,-1,-1,-1,-1,-1,-1,-1,-1,-1,-1,-1,-1,-1,-1,-1,-1,-1,-1,-1,-1,-1,-1,-1,-1,-1,-1,-1,-1,-1,-1,-1,-1,
78,-1,-1,-1,-1,-1,-1,-1,-1,-1,-1,-1,-1,-1,-1,-1,-1,-1,-1,-1,-1,-1,-1,-1,-1,-1,-1,-1,-1,-1,-1,-1,-1,-1,-1,-1,-1,-1,-1,-1,-1,-1,-1,-1,-1,-1,-1,-1,-1,-1,-1,-1,-1,-1,-1,-1,-1,-1,-1,-1,-1,-1,-1,-1,-1,-1,-1,-1,-1,-1,-1,-1,-1,-1,-1,-1,&#38463;&#23572;&#22612;,&#21704;&#40664;&#33778;&#26031;&#29305;,-1,-1,-1,-1,-1,-1,-1,-1,-1,-1,-1,-1,-1,-1,-1,-1,-1,-1,-1,-1,-1,-1,-1,-1,-1,-1,-1,-1,-1,-1,-1,-1,-1,-1,-1,-1,-1,-1,-1,-1,-1,-1,-1,-1,-1,-1,-1,-1,-1,-1,-1,-1,-1,-1,-1,-1,-1,-1,-1,-1,-1,-1,-1,-1,-1,-1,-1,-1,-1,-1,-1,-1,-1,
77,-1,-1,-1,-1,-1,-1,-1,-1,-1,-1,-1,-1,-1,-1,-1,-1,-1,-1,-1,-1,-1,-1,-1,-1,-1,-1,-1,-1,-1,-1,-1,-1,-1,-1,-1,-1,-1,-1,-1,-1,-1,-1,-1,-1,-1,-1,-1,-1,-1,-1,-1,-1,-1,-1,-1,-1,-1,-1,-1,-1,-1,-1,-1,-1,-1,-1,-1,-1,-1,-1,-1,-1,-1,&#29305;&#38534;&#22982;&#29791;,&#29305;&#38534;&#22982;&#29791;,-1,-1,-1,-1,-1,-1,-1,&#25705;&#23572;&#26364;&#26031;&#20811;,-1,-1,-1,-1,-1,-1,-1,-1,-1,-1,-1,-1,-1,-1,-1,-1,-1,-1,-1,-1,-1,-1,-1,-1,-1,-1,-1,-1,-1,-1,-1,-1,-1,-1,-1,-1,-1,-1,-1,-1,-1,-1,-1,-1,-1,-1,-1,-1,-1,-1,-1,-1,-1,-1,-1,-1,-1,-1,-1,-1,-1,-1,-1,-1,-1,-1,-1,
76,-1,-1,-1,-1,-1,-1,-1,-1,-1,-1,-1,-1,-1,-1,-1,-1,-1,-1,-1,-1,-1,-1,-1,-1,-1,-1,-1,-1,-1,-1,-1,-1,-1,-1,-1,-1,-1,-1,-1,-1,-1,-1,-1,-1,-1,-1,-1,-1,-1,-1,-1,-1,-1,-1,-1,-1,-1,-1,-1,-1,-1,-1,-1,-1,-1,-1,-1,-1,-1,-1,-1,&#21338;&#24503;,-1,-1,-1,-1,-1,-1,&#32599;&#29926;&#28037;&#31859;,-1,-1,-1,-1,-1,-1,-1,-1,-1,-1,-1,-1,-1,-1,-1,-1,-1,-1,-1,-1,-1,-1,-1,-1,-1,-1,-1,-1,-1,-1,-1,-1,-1,-1,-1,-1,-1,-1,-1,-1,-1,-1,-1,-1,-1,-1,-1,-1,-1,-1,-1,-1,-1,-1,-1,-1,-1,-1,-1,-1,-1,-1,-1,-1,-1,-1,-1,-1,-1,-1,-1,
75,-1,-1,-1,-1,-1,-1,-1,-1,-1,-1,-1,-1,-1,-1,-1,-1,-1,-1,-1,-1,-1,-1,-1,-1,-1,-1,-1,-1,-1,-1,-1,-1,-1,-1,-1,-1,-1,-1,-1,-1,-1,-1,-1,-1,-1,-1,-1,-1,-1,-1,-1,&#237;safj?reur,&#38463;&#20811;&#38647;&#37324;,&#32993;&#33832;&#32500;&#20811;,-1,-1,-1,-1,-1,-1,-1,-1,-1,-1,-1,-1,-1,&#23612;&#24503;&#32599;&#26031;,&#23612;&#24503;&#32599;&#26031;,-1,-1,-1,-1,-1,-1,&#21345;&#37324;&#20811;&#26031;,&#21704;&#24085;&#20848;&#36798;,&#31185;&#31859;,&#31185;&#31859;,-1,-1,-1,Kandalaksha,Apatity,-1,-1,-1,-1,-1,Shoyna,-1,-1,-1,-1,-1,-1,-1,-1,-1,-1,-1,-1,-1,-1,-1,-1,-1,-1,-1,-1,-1,-1,-1,-1,-1,-1,-1,-1,-1,Ostrov?Bolshevik,-1,-1,-1,-1,-1,-1,-1,-1,-1,-1,-1,-1,-1,-1,-1,-1,-1,-1,-1,-1,-1,-1,-1,-1,-1,-1,-1,-1,-1,-1,
74,-1,-1,-1,-1,-1,-1,-1,-1,-1,-1,-1,-1,-1,-1,-1,-1,-1,-1,-1,-1,-1,-1,-1,-1,-1,-1,-1,-1,-1,-1,-1,-1,-1,-1,-1,-1,-1,-1,-1,-1,Upernavik,-1,-1,-1,-1,-1,-1,-1,-1,-1,-1,&#38647;&#20811;&#38597;&#26410;&#20811;,-1,-1,-1,-1,-1,-1,-1,-1,-1,-1,-1,-1,-1,-1,&#22885;&#21202;&#26494;,&#22885;&#21202;&#26494;,-1,-1,-1,&#21380;&#26031;&#29305;&#26494;&#24503;,-1,-1,&#21346;&#38647;&#20122;,&#21346;&#38647;&#20122;,-1,-1,&#22885;&#21346;,-1,-1,-1,-1,-1,-1,-1,-1,Koyda,-1,Chizha,-1,Indiga,Afonikha,Nar'yan-Mar,-1,-1,-1,Amderma,Kara,Kara,-1,-1,-1,-1,-1,Dikson,-1,-1,-1,-1,-1,-1,-1,-1,-1,-1,-1,-1,-1,-1,-1,-1,-1,-1,-1,-1,-1,-1,-1,-1,-1,-1,-1,-1,-1,-1,-1,-1,-1,-1,-1,-1,-1,-1,-1,-1,-1,-1,-1,-1,
73,-1,-1,-1,-1,-1,-1,-1,-1,-1,-1,-1,-1,-1,-1,-1,-1,-1,-1,-1,-1,-1,-1,-1,-1,-1,-1,-1,-1,-1,-1,-1,-1,-1,-1,-1,-1,-1,-1,-1,-1,-1,Qasigiannguit,-1,-1,-1,-1,-1,-1,-1,-1,-1,-1,-1,-1,-1,-1,-1,-1,-1,-1,-1,-1,-1,-1,-1,&#21329;&#23572;&#26681;,-1,-1,&#21033;&#21202;&#21704;&#40664;&#23572;,&#21033;&#21202;&#21704;&#40664;&#23572;,-1,-1,&#21704;&#39532;&#20160;&#20848;&#24503;,&#20110;&#40664;&#22885;,-1,-1,-1,&#29926;&#33832;,&#20110;&#38886;&#26031;&#23624;&#33713;,-1,-1,-1,-1,Kem,-1,Letniy?Navolok,-1,&#26032;&#38669;&#23572;&#33707;&#25096;&#38647;,Mezen',Mezen',Snopa,Nizhnyaya?Pesha,-1,Nar'yan-Mar,Chornaya,Varandey,Karatayka,Karatayka,-1,-1,Vorkuta,Vorkuta,-1,-1,-1,Noril'sk,-1,-1,-1,-1,-1,-1,-1,-1,-1,-1,-1,-1,-1,-1,-1,-1,-1,-1,-1,-1,-1,-1,-1,-1,-1,-1,-1,-1,-1,-1,-1,-1,-1,-1,-1,-1,-1,-1,-1,-1,-1,-1,-1,-1,
72,-1,-1,-1,-1,-1,-1,-1,-1,-1,-1,-1,-1,-1,-1,-1,-1,-1,-1,-1,-1,-1,-1,-1,-1,-1,-1,-1,-1,-1,-1,-1,-1,-1,-1,-1,-1,-1,-1,-1,-1,-1,Nuuk,-1,-1,-1,-1,-1,-1,-1,-1,-1,-1,-1,-1,-1,-1,-1,-1,-1,-1,-1,-1,-1,-1,-1,&#21329;&#23572;&#26681;,-1,&#24503;&#25289;&#38376;,&#22885;&#26031;&#38470;,-1,&#21345;&#23572;&#26031;&#22612;&#24503;,&#31302;&#25289;,&#26494;&#20857;&#29926;&#23572;,-1,-1,-1,&#29926;&#33832;,&#22374;&#20329;&#38647;,-1,&#24211;&#22885;&#30382;&#22885;,-1,-1,Sortavala,-1,&#22885;&#28037;&#21152;,&#22885;&#28037;&#21152;,&#21271;&#24503;&#25991;&#26031;&#20811;,&#26032;&#38669;&#23572;&#33707;&#25096;&#38647;,-1,-1,-1,-1,&#35834;&#32500;&#21338;&#23572;,-1,-1,&#20044;&#26031;&#23395;&#20044;&#33832;,-1,Inta,-1,-1,Obdorsk,Obdorsk,-1,Novyy?Urengoy,-1,-1,-1,-1,-1,-1,-1,-1,-1,-1,-1,-1,-1,-1,-1,-1,-1,-1,-1,-1,-1,-1,-1,-1,-1,-1,-1,-1,-1,-1,-1,-1,-1,-1,-1,-1,-1,Kamenskoye,Slautnoye,-1,-1,-1,-1,-1,-1,-1,
71,-1,-1,-1,-1,-1,-1,-1,-1,-1,-1,-1,-1,-1,-1,-1,-1,-1,-1,-1,-1,-1,-1,-1,-1,-1,-1,-1,-1,-1,-1,-1,-1,-1,-1,-1,-1,-1,-1,-1,-1,-1,-1,Paamiut,Qaqortoq,-1,-1,-1,-1,-1,-1,-1,-1,-1,-1,-1,-1,&#29791;&#32034;,-1,-1,-1,-1,-1,-1,-1,-1,&#26031;&#22612;&#19975;&#26684;,&#20811;&#37324;&#26031;&#33922;&#23433;&#26705;,&#20811;&#37324;&#26031;&#33922;&#23433;&#26705;,-1,&#33107;&#29305;&#28872;&#26031;&#22612;,-1,&#21380;&#21202;&#24067;&#40065;,&#38886;&#26031;&#29305;&#32599;&#26031;,&#26031;&#24503;&#21733;&#23572;&#25705;,-1,-1,Abo,&#36203;&#23572;&#36763;&#22522;,&#36203;&#23572;&#36763;&#22522;,Kouvola,&#32500;&#22561;,&#26222;&#37324;&#22885;&#28966;&#23572;&#26031;&#20811;,-1,&#24444;&#24471;&#32599;&#25166;&#27779;&#33576;&#20811;,-1,-1,-1,&#26032;&#24503;&#25991;&#26031;&#20811;,-1,-1,-1,-1,&#20044;&#26031;&#23395;&#40784;&#21033;&#39532;,Izhma,Kozhva,Pechora,-1,-1,-1,-1,-1,-1,-1,-1,-1,-1,-1,-1,-1,-1,-1,-1,-1,-1,-1,-1,-1,-1,-1,-1,-1,-1,-1,-1,-1,-1,-1,-1,-1,-1,Yakutsk,-1,-1,-1,-1,-1,-1,-1,-1,-1,Gizhiga,-1,-1,Tilichiki,-1,-1,-1,-1,-1,-1,
70,-1,-1,-1,&#23433;&#20811;&#38647;&#22855;,-1,-1,-1,-1,-1,-1,-1,-1,-1,-1,-1,-1,-1,-1,-1,-1,-1,-1,-1,-1,-1,-1,-1,-1,-1,-1,-1,-1,-1,-1,-1,-1,-1,-1,-1,-1,-1,-1,-1,-1,-1,-1,-1,-1,-1,-1,-1,-1,-1,-1,-1,&#27874;&#29305;&#37324;,&#22240;&#24343;&#20869;&#26031;,&#38463;&#20271;&#19969;,-1,-1,-1,-1,-1,-1,-1,-1,-1,-1,-1,-1,&#21733;&#24503;&#22561;,-1,&#26519;&#38634;&#24179;,-1,-1,-1,-1,-1,-1,-1,-1,&#22307;&#24444;&#24471;&#22561;,-1,Lodeynoye?Pole,-1,&#26222;&#22810;&#26085;,&#21345;&#23572;&#25096;&#27874;&#23572;,Shalakusha,&#21035;&#21015;&#20857;&#23612;&#22522;,-1,-1,-1,-1,&#20044;&#36203;&#22612;,-1,-1,-1,-1,-1,-1,-1,-1,-1,-1,-1,-1,Noyabr'sk,-1,-1,-1,Kellog,-1,-1,-1,-1,Kuyumba,-1,Vanavara,-1,-1,-1,-1,-1,Vitim,Peleduy,Nyuya,Olyokminsk,-1,-1,-1,Neryungri,Neryungri,-1,-1,-1,-1,-1,Magadan,Ola,-1,-1,-1,Il'pyrskoye,-1,-1,-1,-1,-1,-1,-1,
69,-1,-1,-1,-1,-1,-1,-1,-1,-1,-1,-1,-1,-1,-1,-1,-1,-1,-1,-1,-1,-1,-1,-1,-1,-1,-1,-1,-1,-1,-1,-1,-1,-1,-1,-1,-1,-1,-1,-1,-1,-1,-1,-1,-1,-1,-1,-1,-1,-1,-1,-1,-1,-1,-1,-1,-1,&#26684;&#25289;&#26031;&#21733;,&#29233;&#19969;&#22561;,-1,-1,-1,-1,-1,-1,-1,-1,-1,&#22885;&#23572;&#22561;,-1,-1,&#21704;&#23572;&#22982;&#26031;&#22612;&#24503;,&#38886;&#20811;&#33293;,&#21345;&#23572;&#29595;,-1,&#32500;&#26031;&#27604;,-1,-1,&#38647;&#29926;&#23572;,&#38647;&#29926;&#23572;,&#25289;&#20811;&#38886;&#38647;,&#32435;&#29926;&#23572;,&#22307;&#24444;&#24471;&#22561;,&#35834;&#22827;&#21733;&#32599;&#24503;,Tikhvin,Vytegra,&#36125;&#40065;&#27901;&#32599;,&#21704;&#32599;&#22827;&#26031;&#20811;,-1,&#38886;&#21033;&#26031;&#20811;,-1,Velikiy?Ustyug,&#29791;&#20811;&#29305;&#22827;&#21345;&#23572;,&#31185;&#31859;,-1,Solikamsk,-1,-1,-1,-1,-1,-1,-1,-1,-1,-1,-1,-1,-1,-1,-1,-1,-1,-1,-1,-1,Boguchany,Kodinsk,Ust'-Ilimsk,-1,Kirensk,Alekseyevsk,-1,-1,-1,Vorontsovka,Bolshoy?Patom,Olyokminsk,-1,-1,-1,-1,-1,-1,-1,&#37122;&#38669;&#33576;&#20811;,-1,-1,-1,-1,-1,-1,Palana,Ossora,-1,-1,-1,-1,-1,-1,-1,
68,-1,-1,-1,-1,-1,-1,-1,Whitehorse,-1,-1,-1,-1,-1,-1,-1,-1,-1,-1,-1,-1,-1,-1,-1,-1,-1,-1,-1,-1,-1,-1,-1,-1,-1,-1,-1,Hopedale,-1,-1,-1,-1,-1,-1,-1,-1,-1,-1,-1,-1,-1,-1,-1,-1,-1,-1,-1,-1,&#21345;&#33713;&#23572;,&#32445;&#21345;&#26031;&#23572;,-1,-1,-1,-1,-1,-1,-1,-1,&#38669;&#23572;&#26031;&#29305;&#24067;&#32599;,&#38463;&#23572;&#32993;&#26031;,-1,-1,&#39532;&#23572;&#40664;,&#21345;&#23572;&#26031;&#20811;&#40065;&#32435;,-1,-1,-1,-1,-1,-1,&#37324;&#21152;,&#22612;&#23572;&#22270;,&#22612;&#23572;&#22270;,&#26222;&#26031;&#31185;&#22827;,&#35834;&#22827;&#21733;&#32599;&#24503;,&#35834;&#22827;&#21733;&#32599;&#24503;,Borovichi,&#20999;&#21015;&#27874;&#38886;&#33576;,&#20999;&#21015;&#27874;&#38886;&#33576;,&#27779;&#27931;&#26684;&#36798;,-1,&#21152;&#21033;&#22855;,-1,-1,-1,&#32500;&#20122;&#29305;&#21345;,&#26684;&#25289;&#20304;&#22827;,&#24444;&#23572;&#22982;,-1,-1,-1,-1,-1,-1,Khanty-Mansiysk,&#33487;&#23572;&#21476;&#29305;,&#19979;&#29926;&#23572;&#25176;&#22827;&#26031;&#20811;,&#19979;&#29926;&#23572;&#25176;&#22827;&#26031;&#20811;,-1,-1,-1,&#25176;&#26408;&#26031;&#20811;,-1,-1,-1,-1,Yeniseysk,-1,Tayezhnyy,-1,Ust'-Ilimsk,-1,Magistral'nyy,Severobaykal'sk,Kichera,-1,-1,-1,-1,-1,-1,-1,-1,-1,-1,-1,Ayan,-1,-1,-1,-1,-1,-1,-1,Ust'-Khayryuzovo,-1,&#20044;&#26031;&#23395;&#22570;&#23519;&#33576;&#20811;,-1,-1,-1,-1,-1,
67,-1,-1,-1,-1,-1,-1,-1,-1,-1,-1,-1,-1,-1,Fort?McMurray,-1,-1,-1,-1,-1,-1,-1,-1,-1,-1,-1,-1,-1,-1,-1,-1,-1,-1,-1,-1,-1,-1,Rigolet,-1,-1,-1,-1,-1,-1,-1,-1,-1,-1,-1,-1,-1,-1,-1,-1,&#20262;&#25958;&#24503;&#37324;,&#36125;&#23572;&#27861;&#26031;&#29305;,-1,-1,&#26364;&#24443;&#26031;&#29305;,&#32422;&#20811;,-1,-1,-1,-1,-1,-1,-1,&#21033;&#36125;,-1,&#21733;&#26412;&#21704;&#26681;,-1,-1,-1,-1,-1,-1,-1,&#25991;&#33576;&#30382;&#23572;&#26031;,&#37324;&#21152;,&#37324;&#21152;,&#38647;&#27901;&#20811;&#20869;,&#26222;&#26031;&#31185;&#22827;,&#26222;&#26031;&#31185;&#22827;,&#26087;&#40065;&#33832;,&#21338;&#32599;&#32500;&#22855;,&#20044;&#26031;&#31179;&#26085;&#37027;,-1,&#38597;&#32599;&#26031;&#25289;&#22827;&#23572;,&#31185;&#26031;&#29305;&#32599;&#39532;,Kineshma,-1,Yoshkar-Ola,-1,&#32500;&#20122;&#29305;&#21345;,&#26684;&#25289;&#20304;&#22827;,&#24444;&#23572;&#22982;,-1,Nizhniy?Tagil,Nizhniy?Tagil,-1,-1,&#25176;&#21338;&#23572;&#26031;&#20811;,&#25176;&#21338;&#23572;&#26031;&#20811;,Nefteyugansk,-1,-1,-1,-1,-1,&#25176;&#26408;&#26031;&#20811;,&#20811;&#40614;&#32599;&#27779;,-1,-1,Nazarovo,Krasnoyarsk,-1,-1,-1,Bratsk,Zheleznogorsk-Ilimskiy,-1,-1,Kurumkan,-1,-1,-1,-1,-1,-1,-1,-1,-1,-1,Dzhana,-1,-1,-1,-1,-1,-1,-1,-1,Ichinsky,Petropavlovsk-Kamchatskiy,-1,-1,-1,-1,-1,-1,-1,
66,-1,-1,-1,-1,-1,-1,-1,-1,-1,-1,-1,Grande?Prairie,-1,-1,-1,-1,-1,-1,Flin?Flon,-1,Norway?House,-1,-1,-1,-1,-1,-1,-1,-1,-1,-1,-1,-1,-1,-1,-1,-1,Cartwright,-1,-1,-1,-1,-1,-1,-1,-1,-1,-1,-1,-1,-1,-1,&#25096;&#23572;&#38886;,&#38463;&#26031;&#38534;,&#37117;&#26575;&#26519;,-1,-1,&#26364;&#24443;&#26031;&#29305;,&#35874;&#33778;&#23572;&#24503;,-1,-1,-1,-1,-1,-1,-1,&#22522;&#23572;,-1,-1,-1,-1,-1,-1,-1,-1,-1,&#20811;&#33713;&#20329;&#36798;,&#24076;&#22885;&#21033;&#33406;,&#38518;&#26684;&#22827;&#21305;&#23572;&#26031;,&#27874;&#27931;&#33576;&#20811;,&#27874;&#27931;&#33576;&#20811;,&#22823;&#21346;&#22522;,&#21202;&#28909;&#22827;,&#25176;&#23572;&#33509;&#20811;,&#29305;&#32500;&#23572;,&#38647;&#23486;&#26031;&#20811;,&#32599;&#26031;&#25176;&#22827;,&#20234;&#19975;&#35834;&#22827;,&#19979;&#35834;&#22827;&#21733;&#32599;&#24503;,&#19979;&#35834;&#22827;&#21733;&#32599;&#24503;,Cheboksary,Volzhsk,&#21888;&#23665;,&#20234;&#28909;&#22827;&#26031;&#20811;,&#20234;&#28909;&#22827;&#26031;&#20811;,-1,&#21494;&#21345;&#25463;&#29747;&#22561;,&#21494;&#21345;&#25463;&#29747;&#22561;,-1,&#31179;&#26126;,-1,-1,-1,-1,Tara,-1,-1,&#26032;&#35199;&#20271;&#21033;&#20122;,&#26032;&#35199;&#20271;&#21033;&#20122;,&#20811;&#40614;&#32599;&#27779;,-1,-1,Abakan,Minusinsk,-1,-1,-1,-1,&#20234;&#23572;&#24211;&#33576;&#20811;,-1,-1,Barguzin,-1,-1,-1,-1,-1,-1,-1,-1,-1,-1,-1,&#19992;&#31859;&#22350;,&#22270;&#21476;&#23572;,&#23612;&#21476;&#25289;&#32822;&#22827;&#26031;&#20811;,-1,-1,-1,-1,-1,&#20044;&#26031;&#23395;&#21338;&#21033;&#33293;&#21015;&#33576;&#20811;,-1,-1,-1,-1,-1,-1,-1,-1,
65,-1,-1,-1,-1,-1,-1,-1,Juneau,-1,-1,Prince?George,-1,Whitecourt,Edmonton,Edmonton,Lloydminster,Prince?Albert,Nipawin,-1,The?Pas,-1,-1,-1,-1,-1,-1,-1,-1,-1,-1,-1,-1,-1,-1,-1,Labrador,-1,Blanc-Sablon,-1,-1,-1,-1,-1,-1,-1,-1,-1,-1,-1,-1,-1,-1,-1,&#21033;&#40664;&#37324;&#20811;,&#37117;&#26575;&#26519;,-1,&#31185;&#23572;&#28201;&#28286;,&#20999;&#26031;&#29305;,&#21073;&#26725;,&#35834;&#32500;&#22855;,-1,-1,-1,&#33713;&#29926;&#39039;,&#26684;&#32599;&#23425;&#26681;,&#19981;&#26469;&#26757;,&#27721;&#22561;,&#21525;&#36125;&#20811;,&#32599;&#26031;&#25176;&#20811;,&#26575;&#26519;,&#20160;&#20999;&#38738;,&#31185;&#27779;&#24067;&#28909;&#26684;,&#26031;&#27494;&#26222;&#26031;&#20811;,&#26684;&#20294;&#26031;&#20811;,&#26684;&#20294;&#26031;&#20811;,&#26607;&#23612;&#26031;&#22561;,Volodino,&#32771;&#32435;&#26031;,&#32500;&#23572;&#32445;&#26031;,&#26126;&#26031;&#20811;,&#32500;&#25463;&#24067;&#26031;&#20811;,&#26031;&#25705;&#26865;&#26031;&#20811;,&#26031;&#25705;&#26865;&#26031;&#20811;,&#32500;&#20122;&#27982;&#39532;,&#33707;&#26031;&#31185;,&#33707;&#26031;&#31185;,&#24343;&#25289;&#22522;&#31859;&#23572;,&#31302;&#32599;&#22982;,-1,-1,Cheboksary,-1,&#21888;&#23665;,&#19979;&#21345;&#22982;&#26031;&#20811;,&#20044;&#27861;,-1,&#36710;&#37324;&#38597;&#23486;&#26031;&#20811;,&#36710;&#37324;&#38597;&#23486;&#26031;&#20811;,-1,&#31179;&#26126;,-1,-1,-1,&#37122;&#26408;&#26031;&#20811;,-1,-1,-1,-1,Barnaul,Biysk,Novokuznetsk,Novokuznetsk,Abakan,Sayanogorsk,-1,-1,-1,-1,&#20234;&#23572;&#24211;&#33576;&#20811;,-1,-1,Gremyachinsk,-1,-1,-1,-1,-1,&#22823;&#20852;&#23433;&#23725;&#21271;,-1,-1,&#24067;&#25289;&#25096;&#32500;&#30003;&#26031;&#20811;,-1,-1,-1,Sofiysl,&#21494;&#37329;&#21345;,-1,-1,-1,-1,-1,-1,Ozernovskiy,-1,-1,-1,-1,-1,-1,-1,
64,-1,-1,-1,-1,-1,-1,-1,-1,-1,Prince?George,-1,-1,-1,Calgary,Calgary,Medicine?Hat,Saskatoon,Humboldt,-1,Dauphin,-1,-1,-1,-1,-1,-1,-1,-1,-1,-1,-1,-1,-1,-1,Baie-Corneau,Sept-?les,Harrington?Harbour,-1,St.?Anthony,-1,-1,-1,-1,-1,-1,-1,-1,-1,-1,-1,-1,-1,&#19969;&#26684;&#23572;,&#31185;&#20811;,-1,-1,&#24067;&#37324;&#26031;&#25176;&#23572;,&#29275;&#27941;,&#20262;&#25958;,&#31185;&#23572;&#20999;&#26031;&#29305;,-1,-1,&#38463;&#22982;&#26031;&#29305;&#20025;,&#20857;&#27779;&#21202;,&#24681;&#26031;&#36203;&#24503;,&#26126;&#26031;&#29305;,&#27721;&#35834;&#23041;,&#19981;&#20262;&#29790;&#20811;,&#39532;&#26684;&#24503;&#22561;,&#26575;&#26519;,&#22885;&#24471;&#27827;&#30036;&#27861;&#20848;&#20811;&#31119;,&#27874;&#20857;&#21335;,&#27874;&#20857;&#21335;,&#27604;&#24471;&#21733;&#20160;,&#26222;&#27779;&#33576;&#20811;,&#21326;&#27801;,&#27604;&#20122;&#38886;&#26031;&#25176;&#20811;,&#26684;&#32599;&#24503;&#35834;,&#24052;&#25289;&#35834;&#32500;&#22855;,&#26126;&#26031;&#20811;,&#33707;&#21513;&#24278;&#22827;,&#32599;&#26031;&#25289;&#22827;&#23572;,&#32599;&#26031;&#25289;&#22827;&#23572;,&#24067;&#33391;&#26031;&#20811;,&#21345;&#21346;&#21152;,&#22270;&#25289;,&#26753;&#36190;,&#31302;&#32599;&#22982;,-1,Saransk,-1,&#20044;&#37324;&#25196;&#35834;&#22827;&#26031;&#20811;,Tolyatti,&#19979;&#21345;&#22982;&#26031;&#20811;,&#20044;&#27861;,-1,-1,-1,-1,Kurgan,-1,Petropavl,-1,&#37122;&#26408;&#26031;&#20811;,-1,-1,-1,-1,-1,-1,Gorno-Altaysk,-1,-1,-1,-1,-1,-1,Sludyanka,-1,-1,&#20044;&#20848;&#20044;&#24503;,Khilok,&#36196;&#22612;,-1,-1,-1,&#22823;&#20852;&#23433;&#23725;&#35199;,&#22823;&#20852;&#23433;&#23725;,&#37122;&#20262;&#26149;,-1,-1,-1,-1,&#20849;&#38738;&#22478;,Gurskoye,&#33487;&#32500;&#22467;&#28207;,-1,-1,-1,-1,-1,-1,-1,-1,-1,-1,-1,-1,-1,-1,
63,-1,-1,-1,-1,-1,-1,-1,-1,&#28201;&#21733;&#21326;,-1,Kelowna,-1,-1,-1,-1,-1,-1,Regina,Yorkton,Brandon,&#28201;&#23612;&#20271;,Vermilion?Bay,Nipigon,Terrace?Bay,Marathon,White?River,-1,-1,-1,-1,-1,-1,-1,Saguenay,-1,-1,-1,-1,Rocky?Harbour,Lewisporte,-1,-1,-1,-1,-1,-1,-1,-1,-1,-1,-1,-1,-1,-1,-1,-1,&#22467;&#20811;&#36187;&#29305;,&#21335;&#23433;&#26222;&#39039;,&#24067;&#33713;&#39039;,-1,-1,&#26681;&#29305;,&#23433;&#29305;&#21355;&#26222;,&#22856;&#26757;&#20136;,&#26460;&#20234;&#26031;&#22561;,&#22467;&#26862;,&#21733;&#24311;&#26681;,&#21271;&#35946;&#26862;,&#33713;&#27604;&#38177;,&#24503;&#32047;&#26031;&#39039;,&#22885;&#24471;&#27827;&#30036;&#27861;&#20848;&#20811;&#31119;,&#32511;&#23665;&#22478;,&#33713;&#20160;&#35834;,&#21345;&#37324;&#20160;,&#32599;&#20857;,&#21326;&#27801;,Siedlce,&#24067;&#21015;&#26031;&#29305;,&#24179;&#26031;&#20811;,&#21338;&#24067;&#40065;&#20234;&#26031;&#20811;,&#20999;&#23572;&#23612;&#25096;&#22827;,&#20999;&#23572;&#23612;&#25096;&#22827;,&#28909;&#21015;&#20857;&#35834;&#21733;&#23572;&#26031;&#20811;,&#24067;&#33391;&#26031;&#20811;,&#22885;&#24278;&#23572;,&#22270;&#25289;,&#26753;&#36190;,&#22374;&#27874;&#22827;,&#22868;&#33832;,&#22868;&#33832;,Syzran,&#33832;&#39532;&#25289;,&#33832;&#39532;&#25289;,&#24067;&#31062;&#21346;&#20811;,Salavat,Magnitogorsk,-1,-1,-1,-1,-1,Shchuchinsk,-1,-1,-1,-1,-1,-1,&#20044;&#26031;&#23395;&#21345;&#32517;&#35834;&#25096;&#23572;&#26031;&#20811;,Zyryanovsk,-1,-1,-1,-1,Turuun,-1,-1,Zakamensk,Erdenet,Gusinoozyorsk,-1,-1,-1,-1,&#20052;&#24052;&#23665;,-1,&#21628;&#20262;&#36125;&#23572;&#35199;,&#21628;&#20262;&#36125;&#23572;,&#23273;&#27743;&#24066;,&#21271;&#23433;,-1,-1,-1,&#21704;&#24052;&#32599;&#22827;&#26031;&#20811;,&#21704;&#24052;&#32599;&#22827;&#26031;&#20811;,-1,-1,-1,-1,-1,-1,-1,-1,-1,-1,-1,-1,-1,-1,-1,
62,-1,-1,-1,-1,-1,-1,-1,&#32500;&#22810;&#21033;&#20122;,-1,&#28201;&#21733;&#21326;,-1,-1,-1,-1,-1,-1,-1,-1,-1,-1,-1,-1,Thunder?Bay,-1,Heron?Bay,Wawa,-1,-1,-1,-1,-1,-1,Shawinigan,&#39745;&#21271;&#20811;,&#37324;&#31302;&#26031;&#22522;,-1,-1,-1,Channel-Port?aux?Basques,Harbour?Breton,St.?John's,-1,-1,-1,-1,-1,-1,-1,-1,-1,-1,-1,-1,-1,-1,&#26222;&#21033;&#33541;&#33576;,-1,-1,-1,-1,&#21152;&#33713;,&#37324;&#23572;,&#24067;&#40065;&#22622;&#23572;,&#21015;&#26085;,&#20122;&#29723;,&#31185;&#38534;,&#32654;&#22240;&#27827;&#30036;&#27861;&#20848;&#20811;&#31119;,&#22467;&#23572;&#31119;&#29305;,&#33713;&#27604;&#38177;,&#24503;&#32047;&#26031;&#39039;,&#24067;&#25289;&#26684;,&#24343;&#32599;&#33576;&#29926;&#22827;,&#24343;&#32599;&#33576;&#29926;&#22827;,&#29748;&#26031;&#25176;&#38669;&#29926;,&#20811;&#25289;&#31185;&#22827;,&#26705;&#22810;&#26757;&#26085;,&#21346;&#24067;&#26519;,Zamosc,Rivne,&#26085;&#25176;&#31859;&#23572;,&#22522;&#36741;,&#22522;&#36741;,&#27874;&#23572;&#22612;&#29926;,&#33487;&#26757;,&#24211;&#23572;&#26031;&#20811;,&#27779;&#32599;&#28037;&#20160;,&#27779;&#32599;&#28037;&#20160;,&#22374;&#27874;&#22827;,-1,&#33832;&#25289;&#25176;&#22827;,&#33832;&#25289;&#25176;&#22827;,&#33832;&#33713;,&#33832;&#33713;,&#20044;&#25289;&#23572;&#26031;&#20811;,&#22885;&#20262;&#22561;,Magnitogorsk,Kustanay,Kustanay,-1,-1,-1,-1,&#38463;&#26031;&#22612;&#32435;,&#38463;&#26031;&#22612;&#32435;,-1,Pavlodar,-1,Semey,Qalbatau,-1,&#38463;&#21202;&#27888;,-1,&#31185;&#24067;&#22810;,&#31185;&#24067;&#22810;,Urgamal,-1,-1,Tsetserleg,&#21704;&#25289;&#21644;&#26519;,&#20044;&#20848;&#24052;&#25176;,Chinggis,-1,-1,-1,-1,-1,&#21628;&#20262;&#36125;&#23572;&#35199;&#21335;,&#40784;&#40784;&#21704;&#23572;&#35199;,&#40784;&#40784;&#21704;&#23572;,&#22823;&#24198;,&#32485;&#21270;,&#20234;&#26149;,&#40548;&#23703;,&#21704;&#24052;&#32599;&#22827;&#26031;&#20811;,&#26684;&#32599;&#35874;&#32500;&#22855;,-1,-1,&#31258;&#20869;,-1,&#38031;&#36335;,-1,-1,-1,-1,-1,-1,-1,-1,-1,-1,
61,-1,-1,-1,-1,-1,-1,-1,-1,-1,&#35199;&#38597;&#22270;,-1,-1,Spokane,-1,-1,-1,Watford,Hazen,Washburn,-1,-1,Duluth,-1,-1,-1,Sault?Ste.?Marie,Sudbury,North?Bay,-1,-1,&#33945;&#29305;&#21033;&#23572;,&#33945;&#29305;&#21033;&#23572;,Trois-Rivi&#232;res,Sherbrooke,Fredericton,&#33945;&#20811;&#39039;,-1,-1,-1,-1,-1,-1,-1,-1,-1,-1,-1,-1,-1,-1,-1,-1,-1,-1,-1,-1,-1,-1,&#29791;&#22561;,&#21345;&#26114;,&#21202;&#38463;&#24343;&#23572;,&#20122;&#30496;,&#20848;&#26031;,&#33394;&#24403;,&#21346;&#26862;&#22561;,&#29305;&#37324;&#23572;,&#32654;&#22240;&#27827;&#30036;&#27861;&#20848;&#20811;&#31119;,&#31526;&#20857;&#22561;,&#29677;&#36125;&#26684;,&#30382;&#23572;&#26862;,&#24067;&#25289;&#26684;,&#36203;&#25289;&#24503;&#33576;-&#20811;&#25289;&#27931;&#38886;,&#20420;&#26031;&#29305;&#25289;&#21457;,&#21345;&#25176;&#32500;&#33576;,&#20811;&#25289;&#32771;,&#28909;&#33298;&#22827;,Przemysl,&#21033;&#27779;&#22827;,&#25463;&#23572;&#35834;&#27874;&#23572;,&#25991;&#23612;&#23519;,&#30333;&#37319;&#23572;&#31185;&#32500;,&#20999;&#23572;&#21345;&#29791;,&#27874;&#23572;&#22612;&#29926;,&#31532;&#32834;&#20271;&#32599;,&#21704;&#23572;&#31185;&#22827;,&#39039;&#28037;&#33576;&#20811;,&#21346;&#29976;&#26031;&#20811;,-1,&#39039;&#27827;&#30036;&#21345;&#25289;&#22855;,Tsaritsyn,Tsaritsyn,&#33832;&#33713;,&#38463;&#36203;&#22270;&#23486;&#26031;&#20811;,&#38463;&#36203;&#22270;&#23486;&#26031;&#20811;,-1,-1,-1,-1,-1,-1,-1,-1,-1,&#21345;&#25289;&#24178;&#36798;,&#24052;&#23572;&#21888;&#20160;,Sayak,-1,Ayagoz,Urzhar,&#22612;&#22478;,-1,-1,-1,-1,Tsetsegnuur,&#38463;&#23572;&#27888;,Bayankhongor,-1,Bayan?Nur,-1,-1,-1,-1,-1,-1,-1,&#20852;&#23433;&#30431;&#35199;,&#20852;&#23433;&#30431;,&#30333;&#22478;,&#26494;&#21407;,&#21704;&#23572;&#28392;,&#36890;&#27827;&#21439;,&#20339;&#26408;&#26031;,&#20044;&#33487;&#37324;&#26031;&#20811;,Terney,-1,-1,-1,&#26413;&#24140;,&#26093;&#24029;,-1,-1,-1,-1,-1,-1,-1,-1,-1,-1,
60,-1,-1,-1,-1,-1,-1,-1,-1,-1,&#35199;&#38597;&#22270;,-1,-1,-1,-1,&#26684;&#38647;&#29305;&#28689;&#24067;,-1,Miles?City,New?Salem,&#20478;&#26031;&#40614;,-1,-1,&#26126;&#23612;&#38463;&#27874;&#21033;&#26031;,Iron?Mountain,Munising,Whitefish?Point,-1,-1,York,Peterborough,Belleville,&#28197;&#22826;&#21326;,Saint-Jean-sur-Richelieu,Sherbrooke,&#24247;&#31185;&#24503;,&#27874;&#29305;&#20848;,-1,&#21704;&#21033;&#27861;&#20811;&#26031;,Louisbourg,-1,-1,-1,-1,-1,-1,-1,-1,-1,-1,-1,-1,-1,-1,-1,-1,-1,-1,&#24067;&#38647;&#26031;&#29305;,&#38647;&#24681;,&#25289;&#29926;&#23572;,&#21202;&#33426;,&#24052;&#40654;,&#24052;&#40654;,&#27801;&#38534;,&#20961;&#23572;&#30331;,&#26757;&#26031;,&#26031;&#29305;&#25289;&#26031;&#22561;,&#26031;&#22270;&#21152;&#29305;,&#20122;&#29723;,&#32445;&#20262;&#22561;,&#38647;&#26681;&#26031;&#22561;,&#24067;&#26480;&#32422;&#32500;&#37319;,&#24067;&#23572;&#35834;,Trencsen,-1,&#31185;&#24076;&#31574;,-1,-1,Ivano-Frankivsk,&#20999;&#23572;&#35834;&#22827;&#31574;,&#21202;&#24067;&#23612;&#23519;,&#20044;&#26364;,&#23612;&#21476;&#25289;&#32822;&#22827;,&#36203;&#23572;&#26494;,&#25166;&#27874;&#32599;&#28909;,&#21035;&#23572;&#27743;&#26031;&#20811;,&#39532;&#37324;&#20044;&#27874;&#23572;,&#39039;&#27827;&#30036;&#32599;&#26031;&#25176;&#22827;,&#20239;&#23572;&#21152;&#39039;&#26031;&#20811;,-1,-1,-1,&#38463;&#26031;&#29305;&#25289;&#32597;,&#38463;&#29305;&#21171;,&#38463;&#29305;&#21171;,&#24211;&#21033;&#33832;&#38647;,-1,-1,-1,&#38463;&#25289;&#23572;&#26031;&#20811;,-1,-1,-1,-1,-1,-1,-1,-1,Aktogay,-1,&#20811;&#25289;&#29595;&#20381;&#35199;,&#20811;&#25289;&#29595;&#20381;,-1,-1,-1,-1,-1,-1,-1,Mandalgovi,Mandalgovi,-1,-1,-1,-1,-1,&#20044;&#29664;&#31302;&#27777;,&#31185;&#23572;&#27777;&#26071;,&#20852;&#23433;&#30431;&#21335;,&#36890;&#27014;,&#38271;&#26149;,&#21513;&#26519;,&#23578;&#24535;,&#29281;&#20025;&#27743;,&#28023;&#21442;&#23860;&#35199;,&#28023;&#21442;&#23860;,-1,-1,-1,&#20989;&#39302;,-1,-1,-1,-1,-1,-1,-1,-1,-1,-1,-1,
59,-1,-1,-1,-1,-1,-1,-1,-1,-1,-1,-1,-1,-1,-1,-1,-1,Broadus,Mission?Ridge,Gettysburg,-1,-1,&#26126;&#23612;&#38463;&#27874;&#21033;&#26031;,Green?Bay,-1,Traverse?City,-1,Kitchener,Hamilton,-1,-1,Syracuse,&#38463;&#23572;&#24052;&#23612;,&#27874;&#22763;&#39039;,&#27874;&#22763;&#39039;,-1,-1,Yarmouth,-1,-1,-1,-1,-1,-1,-1,-1,-1,-1,-1,-1,-1,-1,-1,-1,-1,-1,-1,-1,-1,&#21335;&#29305;,&#26114;&#28909;,&#22270;&#23572;,&#22885;&#23572;&#33391;,&#29305;&#40065;&#29926;,&#31532;&#25102;,&#36125;&#26705;&#26494;,&#33487;&#40654;&#19990;,&#20044;&#23572;&#22982;,&#22885;&#26684;&#26031;&#22561;,&#24917;&#23612;&#40657;,&#33832;&#23572;&#33576;&#22561;,&#26519;&#20857;,&#32500;&#20063;&#32435;,Pozsony,&#24067;&#36798;,&#20329;&#26031;,&#23612;&#23572;&#21513;&#21704;&#33832;,Szatm&#225;rnem&#233;ti,-1,&#38597;&#35199;,&#22522;&#24076;&#32435;&#20044;,&#25942;&#24503;&#33832;,-1,-1,&#32822;&#22827;&#24085;&#22810;&#21033;&#20122;,-1,-1,&#20122;&#36895;,&#23395;&#38669;&#21015;&#33576;&#20811;,-1,&#22467;&#21033;&#26031;&#22612;,&#38463;&#26031;&#29305;&#25289;&#32597;,&#38463;&#26031;&#29305;&#25289;&#32597;,-1,-1,&#24211;&#21033;&#33832;&#38647;,-1,-1,-1,Ayteke?Bi,-1,-1,-1,-1,-1,-1,Kapchagay,Taldykorgan,Sarkand,-1,&#20234;&#29313;,-1,&#20044;&#40065;&#26408;&#40784;,-1,-1,-1,-1,-1,-1,Dalandzadgad,Dalandzadgad,-1,-1,-1,&#38177;&#26519;&#37101;&#21202;,&#38177;&#26519;&#28009;&#29305;,&#38669;&#26519;&#37101;&#21202;,&#25166;&#40065;&#29305;&#26071;,&#36890;&#36797;&#35199;,&#36890;&#36797;,&#22235;&#24179;,&#36797;&#28304;,&#36890;&#21270;,&#24310;&#36793;,&#20808;&#38155;,-1,-1,-1,-1,-1,&#38738;&#26862;,-1,-1,-1,-1,-1,-1,-1,-1,-1,-1,
58,-1,-1,-1,-1,-1,-1,-1,-1,&#27874;&#29305;&#20848;,&#27874;&#29305;&#20848;,-1,-1,-1,-1,-1,&#24067;&#27861;&#32599;,&#25289;&#30382;&#24503;&#22478;,-1,Sioux?Falls,Sioux?Falls,-1,Rochester,Milwaukee,-1,Grand?Rapids,&#24213;&#29305;&#24459;,-1,-1,&#27700;&#29275;&#22478;,Rochester,Syracuse,&#38463;&#23572;&#24052;&#23612;,&#27874;&#22763;&#39039;,-1,-1,-1,-1,-1,-1,-1,-1,-1,-1,-1,-1,-1,-1,-1,-1,-1,-1,-1,-1,-1,-1,-1,-1,-1,-1,&#25289;&#32599;&#35874;&#23572;,&#22270;&#23572;,&#20869;&#31302;&#23572;,&#35767;&#38886;&#23572;,&#37324;&#26114;,&#26085;&#20869;&#29926;,-1,-1,-1,-1,-1,&#21346;&#24067;&#23572;&#38597;&#37027;,&#26684;&#25289;&#33576;,Kanizsa,&#24067;&#36798;,&#20329;&#26031;,&#24503;&#24067;&#21202;&#26862;,-1,-1,&#21152;&#25289;&#33576;,&#21035;&#23572;&#21733;&#32599;&#24503;,-1,-1,-1,&#20999;&#23572;&#26494;&#23612;&#26031;,&#36153;&#22885;&#22810;&#35199;&#20122;,-1,&#20811;&#25289;&#26031;&#35834;&#36798;&#23572;,&#26031;&#22612;&#22827;&#32599;&#27874;&#23572;,&#30382;&#20122;&#23395;&#25096;&#23572;&#26031;&#20811;,-1,-1,-1,-1,-1,Beyneu,Karakalpakiya,-1,-1,-1,Baikonur,Qyzylorda,Turkistan,-1,Taraz,Orduqent,Almaty,Almaty,-1,&#20234;&#29313;&#21335;,-1,-1,-1,&#21520;&#40065;&#30058;,&#21704;&#23494;,&#21704;&#23494;&#19996;,-1,-1,-1,-1,-1,-1,-1,&#20044;&#20848;&#23519;&#24067;,&#22826;&#20166;&#23546;&#26071;,&#22622;&#32597;&#22365;,&#36196;&#23792;,&#26397;&#38451;,&#38428;&#26032;,&#27784;&#38451;,&#25242;&#39034;,&#30333;&#23665;&#24066;,&#24800;&#23665;,&#28165;&#27941;,-1,-1,-1,-1,-1,-1,&#31179;&#30000;,&#23467;&#21476;,-1,-1,-1,-1,-1,-1,-1,-1,-1,
57,-1,-1,-1,-1,-1,-1,-1,&#22622;&#21202;&#22982;,&#22622;&#21202;&#22982;,-1,-1,Twin?Falls,Pocatello,-1,-1,-1,-1,-1,Lincoln,&#22885;&#39532;&#21704;,Des?Moines,Cedar?Rapids,&#33437;&#21152;&#21733;,&#33437;&#21152;&#21733;,Fort?Wayne,Toledo,&#20811;&#21033;&#22827;&#20848;,Erie,-1,-1,&#32445;&#32422;,&#32445;&#32422;,&#26222;&#32599;&#32500;&#30331;&#26031;,-1,-1,-1,-1,-1,-1,-1,-1,-1,-1,-1,-1,-1,-1,-1,-1,-1,-1,-1,-1,-1,-1,-1,-1,-1,-1,&#40065;&#29926;&#25196;,&#26222;&#29926;&#25463;,&#20811;&#33713;&#33945;,&#20811;&#33713;&#33945;,&#37324;&#26114;,-1,&#37117;&#28789;,&#31859;&#20848;,&#24067;&#38647;&#35199;&#20122;,&#32500;&#32599;&#32435;,&#23041;&#23612;&#26031;,&#30340;&#37324;&#38597;&#26031;&#29305;,&#33832;&#26684;&#21202;&#24067;,,Eszek,Szeged,&#33922;&#31859;&#20160;&#29926;&#25289;,&#38463;&#23572;&#24052;&#23588;&#21033;&#20122;,&#24067;&#21152;&#21202;&#26031;&#29305;,&#24247;&#26031;&#22374;&#23519;,-1,-1,-1,-1,-1,-1,-1,-1,-1,-1,&#26684;&#32599;&#20857;&#23612;,-1,-1,-1,&#38463;&#20811;&#22871;,Ustyurt,Jasliq,Tokmak,-1,-1,-1,Sary-Ozek,Otrar,Tashkent,-1,-1,-1,-1,-1,-1,-1,-1,-1,&#21520;&#40065;&#30058;&#21335;,-1,-1,&#29577;&#38376;&#20851;,-1,-1,-1,-1,&#24052;&#24422;&#28118;&#23572;,&#21253;&#22836;,&#21628;&#21644;&#28009;&#29305;,&#24352;&#23478;&#21475;,&#24310;&#24198;,&#25215;&#24503;,&#31206;&#30343;&#23707;,&#38182;&#24030;,&#33829;&#21475;,&#20025;&#19996;,&#27743;&#30028;,&#21688;&#20852;,-1,-1,-1,-1,-1,-1,-1,&#23665;&#24418;,&#20185;&#21488;,-1,-1,-1,-1,-1,-1,-1,-1,-1,
56,-1,-1,-1,-1,-1,-1,-1,&#26757;&#24503;&#31119;,-1,Reno,-1,-1,-1,-1,-1,-1,Fort?Collins,-1,-1,-1,-1,-1,&#26031;&#26222;&#26519;&#33778;&#23572;&#24503;,St.?Charles,Indianapolis,&#36763;&#36763;&#37027;&#25552;,Columbus,&#21305;&#33576;&#22561;,&#21305;&#33576;&#22561;,&#24052;&#23572;&#30340;&#25705;,&#36153;&#22478;,&#32445;&#32422;,-1,-1,-1,-1,-1,-1,-1,-1,-1,-1,-1,-1,-1,-1,-1,-1,-1,-1,-1,-1,-1,-1,-1,-1,-1,-1,-1,&#27874;&#23572;&#22810;,&#21033;&#25705;&#26085;,&#21033;&#25705;&#26085;,Saint-Flour,&#38463;&#32500;&#23612;&#32705;,&#23612;&#26031;,&#23612;&#26031;,&#28909;&#37027;&#20122;,&#24085;&#23572;&#39532;,&#21338;&#27931;&#23612;&#20122;,&#23041;&#23612;&#26031;,-1,Zara,Bihacs,&#22270;&#20857;&#25289;,&#36125;&#23572;&#26684;&#33713;&#24503;,&#36125;&#23572;&#26684;&#33713;&#24503;,&#20811;&#25289;&#32422;&#29926;,&#29305;&#23572;&#35834;&#27779;,&#21345;&#29926;&#23572;&#32435;,-1,-1,-1,-1,-1,-1,-1,-1,-1,Sukhumi,-1,Makhachkala,-1,-1,-1,Zhanaozen,-1,Urganj,Nukus,Zarafshan,-1,Akkum,Otrar,Tashkent,Farghana,Jalalabad,-1,-1,&#38463;&#20811;&#33487;,-1,&#24211;&#36710;,&#24052;&#38899;&#37101;&#26974;,-1,-1,-1,-1,&#25958;&#29004;,&#22025;&#23786;&#20851;,-1,-1,-1,&#20044;&#28023;,&#37122;&#23572;&#22810;&#26031;,&#26388;&#24030;,&#22823;&#21516;,&#26124;&#24179;,&#20864;&#24030;,&#21776;&#23665;,-1,&#22823;&#36830;,-1,&#24179;&#22756;,&#20803;&#23665;,-1,-1,-1,-1,-1,-1,-1,&#26032;&#28511;,&#31119;&#23707;,-1,-1,-1,-1,-1,-1,-1,-1,-1,
55,-1,-1,-1,-1,-1,-1,-1,&#22307;&#32599;&#33678;,&#33832;&#20811;&#25289;&#38376;&#25176;,-1,-1,-1,-1,&#30416;&#28246;&#22478;,-1,-1,&#20025;&#20315;,Dodge,Wichita,&#22570;&#33832;&#26031;&#22478;,Columbia,Columbia,Cahokia,&#22307;&#36335;&#26131;&#26031;,Columbus,&#36763;&#36763;&#37027;&#25552;,Huntington,Morgantown,-1,&#21326;&#30427;&#39039;,&#22810;&#20315;,-1,-1,-1,-1,-1,-1,-1,-1,-1,-1,-1,-1,-1,-1,-1,-1,-1,-1,-1,-1,-1,-1,-1,-1,-1,-1,-1,-1,&#24052;&#32422;&#35767;,&#22270;&#21346;&#20857;,&#22270;&#21346;&#20857;,&#32435;&#21338;&#35767;,&#33945;&#24444;&#21033;&#22467;,&#39532;&#36187;,-1,-1,&#27604;&#33832;,&#20315;&#32599;&#20262;&#33832;,&#23433;&#31185;&#32435;,-1,-1,Split,&#33832;&#25289;&#28909;&#31389;,Kraguyavets,Nis,&#32034;&#38750;&#20122;,&#33778;&#21033;&#26222;&#27874;&#21033;&#26031;,&#22467;&#36842;&#23572;&#20869;,&#21531;&#22763;&#22374;&#19969;&#22561;,-1,-1,Amastris,&#38177;&#35834;&#26222;,Amisos,-1,-1,-1,Poti,&#31532;&#27604;&#21033;&#26031;,-1,&#26480;&#23572;&#23486;&#29305;,-1,-1,-1,-1,Khiva,Khiva,&#24067;&#21704;&#25289;,&#25746;&#39532;&#23572;&#32597;,&#25746;&#39532;&#23572;&#32597;,&#33510;&#30415;,&#33510;&#30415;,Osh,-1,&#21888;&#20160;,-1,-1,-1,-1,-1,-1,-1,-1,-1,-1,-1,&#24352;&#25494;,-1,&#38134;&#24029;,-1,&#27014;&#26519;,&#31070;&#26408;,&#24571;&#24030;,&#20445;&#23450;,&#22825;&#27941;,-1,-1,-1,-1,&#27801;&#37324;&#38498;,&#24320;&#22478;,&#27743;&#38517;,-1,-1,-1,-1,-1,&#37329;&#27901;,&#38271;&#37326;,&#27743;&#25143;,-1,-1,-1,-1,-1,-1,-1,-1,-1,
54,-1,-1,-1,-1,-1,-1,-1,&#26087;&#37329;&#23665;,&#33832;&#20811;&#25289;&#38376;&#25176;,-1,-1,-1,-1,Provo,-1,-1,Colorado?Springs,Lamar,Dodge,Wichita,&#22570;&#33832;&#26031;&#22478;,Jefferson,&#22307;&#36335;&#26131;&#26031;,&#22307;&#36335;&#26131;&#26031;,&#36335;&#26131;&#26031;&#32500;&#23572;,Lexington,Kingsport,-1,&#37324;&#22763;&#28385;,&#21326;&#30427;&#39039;,-1,-1,-1,-1,-1,-1,-1,-1,-1,-1,-1,-1,-1,-1,-1,-1,-1,-1,-1,-1,-1,-1,-1,&#25289;&#40065;&#31185;&#23612;&#20122;,&#21346;&#25096;,&#22885;&#32500;&#32822;&#22810;,&#24076;&#27946;,&#26705;&#22374;&#24503;,&#27605;&#23572;&#24052;&#37122;,-1,-1,-1,Perpinyan,-1,-1,-1,-1,-1,&#38177;&#32822;&#32435;,Assisi,-1,-1,-1,&#26460;&#24067;&#32599;&#22827;&#23612;&#20811;,&#27874;&#24503;&#25096;&#37324;&#23519;,&#26031;&#31185;&#26222;&#37324;,&#22622;&#33832;&#27931;&#23612;&#22522;,&#20122;&#21382;&#23665;&#24503;&#40065;&#27874;&#21033;&#26031;,-1,-1,&#23612;&#31185;&#20122;,Zonguldak,&#23433;&#21345;&#25289;,Kirikkale,?orum,-1,&#29305;&#25289;&#24067;&#23447;,&#29305;&#25289;&#27604;&#26494;,-1,Dvin,Barda,&#24052;&#24211;,-1,-1,Turkmenbeshi,-1,-1,&#24067;&#21704;&#25289;,&#24067;&#21704;&#25289;,&#25746;&#39532;&#23572;&#32597;,&#25746;&#39532;&#23572;&#32597;,-1,-1,-1,-1,-1,-1,-1,-1,-1,-1,-1,-1,-1,-1,-1,-1,-1,&#27494;&#23041;,&#22266;&#21407;,&#37122;&#25176;&#20811;,&#32485;&#24503;,&#21525;&#26753;,&#22826;&#21407;,&#30707;&#23478;&#24196;,&#34913;&#27700;,&#19996;&#33829;,-1,&#28895;&#21488;,-1,-1,&#27721;&#22478;,&#23433;&#19996;,&#34074;&#23665;,-1,-1,-1,&#31119;&#20117;,&#23500;&#23665;,-1,&#27178;&#28392;,-1,-1,-1,-1,-1,-1,-1,-1,-1,
53,-1,-1,-1,-1,-1,-1,-1,&#22307;&#20309;&#22622;,&#24343;&#38647;&#26031;&#35834;,-1,&#25289;&#26031;&#32500;&#21152;&#26031;,&#25289;&#26031;&#32500;&#21152;&#26031;,St.?George,-1,Grand?Junction,-1,Trinidad,Campo,Liberal,Tulsa,Fayetteville,&#26031;&#26222;&#26519;&#33778;&#23572;&#24503;,Jonesboro,&#23391;&#33778;&#26031;,&#32435;&#20160;&#32500;&#23572;,Knoxville,-1,&#22799;&#27931;&#29305;,&#36153;&#32822;&#29305;&#32500;&#23572;,-1,-1,-1,-1,-1,-1,-1,-1,-1,-1,-1,-1,-1,-1,-1,-1,-1,-1,-1,-1,-1,-1,-1,-1,&#22307;&#22320;&#20122;&#21733;,&#34028;&#36153;&#25289;&#36798;,&#33713;&#26114;,&#33713;&#26114;,&#24067;&#23572;&#25096;&#26031;,&#27931;&#26684;&#32599;&#23612;&#22885;,&#28504;&#26222;&#27931;&#32435;,&#33832;&#25289;&#25096;&#33832;,&#24052;&#22622;&#32599;&#37027;,&#36203;&#32599;&#32435;,-1,-1,Adiacium,-1,-1,&#32599;&#39532;,&#32599;&#39532;,&#20329;&#26031;&#21345;&#25289;,-1,-1,-1,&#22467;&#30382;&#20025;&#21162;,-1,-1,-1,-1,&#21152;&#37324;&#27874;&#21033;,Prousa,Dorylaion,&#23433;&#21345;&#25289;&#21335;,Archelais,Kaisareia,Sevasteia,-1,-1,Manzikert,Dvin,Nakhchivan,Ardabil,-1,-1,Gorgan,-1,-1,Marv,-1,Balkh,Balkh,Taloqan,Taloqan,-1,-1,-1,-1,-1,-1,-1,-1,-1,-1,-1,&#26684;&#23572;&#26408;,&#24503;&#20196;&#21704;,-1,&#35199;&#23425;,&#20848;&#24030;,-1,&#24198;&#38451;,&#24310;&#23433;,&#20020;&#27774;,&#38271;&#27835;,&#37039;&#37112;,&#28654;&#38451;,&#27982;&#21335;,&#38738;&#23707;,-1,-1,-1,&#22823;&#30000;,&#22823;&#37041;,&#37340;&#23665;,-1,&#20986;&#20113;,&#20872;&#23665;,&#20140;&#37117;,&#21517;&#21476;&#23627;,&#38745;&#20872;,-1,-1,-1,-1,-1,-1,-1,-1,-1,-1,
52,-1,-1,-1,-1,-1,-1,-1,-1,&#27931;&#26441;&#30710;,&#37324;&#24343;&#36187;&#24503;,-1,-1,-1,-1,-1,&#38463;&#24067;&#22862;&#22522;,Santa?Fe,Amarillo,&#20420;&#20811;&#25289;&#33655;&#39532;&#22478;,&#20420;&#20811;&#25289;&#33655;&#39532;&#22478;,Fort?Smith,&#23567;&#30707;&#22478;,&#26684;&#26519;&#23041;&#23572;,Winona,Birmingham,&#20122;&#29305;&#20848;&#22823;,Augusta,&#22799;&#27931;&#29305;,&#26597;&#23572;&#26031;&#39039;,-1,-1,-1,-1,-1,-1,-1,-1,-1,-1,-1,-1,-1,-1,-1,-1,-1,Santa?Cruz?das?Flores,-1,-1,-1,-1,-1,-1,&#27874;&#23572;&#22270;,&#27874;&#23572;&#22270;,&#24067;&#25289;&#23703;&#25166;,&#33832;&#33707;&#25289;,&#39532;&#24503;&#37324;,&#39532;&#24503;&#37324;,&#32034;&#37324;&#20122;,&#33832;&#25289;&#25096;&#33832;,&#24052;&#22622;&#32599;&#37027;,-1,-1,-1,-1,Alghero,-1,-1,&#32599;&#39532;,&#24222;&#36125;,&#24222;&#36125;,Brundisium,-1,&#21015;&#22885;&#23612;&#20122;,&#25289;&#37324;&#33832;,-1,-1,-1,&#22763;&#40614;&#37027;,Tralleis,&#20234;&#24199;&#40065;&#26031;,&#29233;&#22885;&#23612;&#20122;,&#25289;&#32599;&#20025;,-1,Sis,Melitene,Amida,-1,-1,&#22823;&#19981;&#37324;&#22763;,-1,Rasht,Amol,-1,-1,-1,-1,-1,Balkh,Balkh,Mazar-e?Sharif,-1,-1,-1,-1,-1,-1,-1,-1,-1,Tagalgan,Dulaan?Chijd,&#21776;&#21476;&#25289;&#23665;,-1,-1,&#38738;&#28023;&#28246;,&#29976;&#21335;,-1,&#22825;&#27700;,-1,&#21688;&#38451;,&#19977;&#38376;&#23777;,&#27931;&#38451;,&#37073;&#24030;,&#33743;&#27901;,&#24464;&#24030;,&#20020;&#27778;,&#30416;&#22478;,-1,-1,&#20809;&#24030;,&#20029;&#27700;,-1,-1,&#24191;&#23707;,-1,-1,&#22823;&#38442;,-1,-1,-1,-1,-1,-1,-1,-1,-1,-1,-1,
51,-1,-1,-1,-1,-1,-1,-1,-1,-1,&#27931;&#26441;&#30710;,&#22307;&#36845;&#25096;,&#20964;&#20976;&#22478;,&#20964;&#20976;&#22478;,-1,-1,Las?Cruces,Roswell,Lubbock,Fort?Worth,Ardmore,Hot?Springs,Monroe,Jackson,Montgomery,Montgomery,Columbus,&#33832;&#20961;&#32435;,&#33832;&#20961;&#32435;,-1,-1,-1,-1,-1,-1,-1,-1,-1,-1,-1,-1,-1,-1,-1,-1,-1,-1,-1,-1,Ponta?Delgada,-1,-1,-1,-1,&#31185;&#33521;&#24067;&#25289;,&#31185;&#33521;&#24067;&#25289;,&#24067;&#26391;&#24211;&#22561;,&#38463;&#23572;&#20271;&#20811;&#22522;,&#25176;&#33713;&#22810;,&#25176;&#33713;&#22810;,&#26118;&#21345;,&#29926;&#20262;&#35199;&#20122;,-1,-1,Palma?de?Mallorca,-1,-1,&#21345;&#21033;&#20122;&#37324;,-1,-1,-1,-1,&#31185;&#26862;&#25166;,-1,-1,-1,&#21202;&#29677;&#38464;,&#38597;&#20856;,-1,-1,-1,&#21704;&#21033;&#21345;&#32819;&#37027;&#32034;&#26031;,&#23433;&#22612;&#21033;&#20122;,-1,-1,&#22612;&#32034;&#26031;,&#20122;&#21382;&#23665;&#22823;&#21202;&#22612;,Gaziantep,Urfa,Ninua,&#39532;&#21704;&#24052;&#24503;,Maragheh,Zanjan,-1,Raga,Hekatompylos,-1,Mashhad,-1,-1,Mazar-i?Sharif,-1,-1,-1,-1,-1,-1,-1,-1,Baba?Hatim,-1,&#23612;&#29595;,-1,-1,-1,Tashi?Gonpa,Nabc,Nabc,-1,-1,&#38471;&#21335;,&#27721;&#20013;,&#38271;&#23433;,&#21313;&#22576;,&#21335;&#38451;,&#35768;&#26124;,&#21830;&#19992;,&#34444;&#22496;,&#24314;&#24247;,&#21335;&#36890;,-1,-1,-1,-1,-1,&#31119;&#20872;,-1,&#26494;&#23665;,&#24503;&#23707;,-1,-1,-1,-1,-1,-1,-1,-1,-1,-1,-1,-1,
50,-1,-1,-1,-1,-1,-1,-1,-1,-1,-1,Tijuana,Mexicali,Tucson,-1,El?Paso,El?Paso,Pecos,Midland,San?Angelo,&#36798;&#25289;&#26031;,Shreveport,Lafayette,Baton?Rouge,Mobile,Pensacola,Tallahassee,&#26480;&#20811;&#36874;&#32500;&#23572;,-1,-1,-1,-1,-1,-1,-1,-1,-1,-1,-1,-1,-1,-1,-1,-1,-1,-1,-1,-1,-1,-1,-1,-1,-1,-1,&#37324;&#26031;&#26412;,&#37324;&#26031;&#26412;,&#22467;&#27494;&#25289;,&#24052;&#36798;&#38669;&#26031;,&#31185;&#23572;&#22810;&#29926;,&#21704;&#24681;,&#38463;&#23572;&#29926;&#22622;&#29305;,&#21345;&#22612;&#36203;&#32435;,-1,-1,-1,-1,-1,-1,-1,-1,-1,-1,&#21345;&#22374;&#25166;&#32599;,-1,-1,&#26031;&#24052;&#36798;,&#31185;&#26519;&#26031;,-1,-1,-1,-1,-1,-1,-1,-1,-1,&#23433;&#26465;&#20811;,&#38463;&#21202;&#39047;,Rakka,&#20122;&#36848;,Arbela,&#39532;&#21704;&#24052;&#24503;,Ecbatana,Ecbatana,Qom,Hekatompylos,Nishapur,Torbat-e?Jam,&#36203;&#25289;&#29305;,-1,-1,&#21888;&#24067;&#23572;,&#30333;&#27801;&#29926;,&#20234;&#26031;&#20848;&#22561;,Srinagar,-1,-1,-1,Skardu,&#38463;&#37324;,Nakchu,Zhikharkhunglung,Khyetenshering,Khyetenshering,Tashi?Gonpa,-1,Nabc,Thongpu,&#38463;&#22365;,-1,&#32501;&#38451;,&#24052;&#20013;,-1,&#24052;&#19996;,&#35140;&#38451;,&#20449;&#38451;,&#38428;&#38451;,&#21512;&#32933;,&#33487;&#24030;,-1,&#19978;&#28023;,-1,-1,-1,-1,&#38271;&#23822;,&#29066;&#26412;,-1,-1,-1,-1,-1,-1,-1,-1,-1,-1,-1,-1,-1,-1,
49,-1,-1,-1,-1,-1,-1,-1,-1,-1,-1,Ensenada,-1,Nogales,-1,-1,Ciudad?Juarez,-1,-1,-1,&#36798;&#25289;&#26031;,Beaumont,Lafayette,Nouvelle?Orl&#233;ans,-1,-1,-1,&#22885;&#20848;&#22810;,-1,-1,-1,-1,-1,-1,-1,-1,-1,-1,-1,-1,-1,-1,-1,-1,-1,-1,-1,-1,-1,-1,-1,-1,-1,-1,&#37324;&#26031;&#26412;,&#25289;&#21476;&#20160;,&#27861;&#40065;,&#22622;&#32500;&#21033;&#20122;,&#31185;&#23572;&#22810;&#29926;,&#31185;&#23572;&#22810;&#29926;,&#26684;&#25289;&#32435;&#36798;,-1,-1,-1,-1,-1,-1,-1,-1,-1,&#24052;&#21202;&#33707;,&#21345;&#22612;&#23612;&#20122;,-1,-1,-1,-1,-1,-1,-1,-1,-1,-1,-1,-1,&#21271;&#23612;&#31185;&#35199;&#20122;,-1,Latakia,&#38669;&#22982;&#26031;,Dayr?az-Zur,Kirkuk,Kirkuk,Kermanshah,-1,Arak,Kashan,Ardakan,-1,Torbat-e?Jam,&#36203;&#25289;&#29305;,-1,Ghazna,-1,&#30333;&#27801;&#29926;,&#25289;&#29926;&#23572;&#21697;&#31532;,Gujranwala,Dharamshala,-1,-1,-1,&#25166;&#35199;&#23703;,Thogjalung,Umbu,-1,Shensa?Dsong,&#37027;&#26354;,Thongpu,Thongpu,Draya,-1,&#25104;&#37117;,&#21335;&#20805;,&#24191;&#23433;,&#36798;&#24030;,&#23452;&#26124;,&#33606;&#38376;,&#20185;&#26691;,&#27494;&#27721;,&#20061;&#27743;,&#40644;&#23665;,&#38065;&#22616;,-1,-1,-1,-1,-1,-1,&#40575;&#20799;&#23707;,-1,-1,-1,-1,-1,-1,-1,-1,-1,-1,-1,-1,-1,-1,
48,-1,-1,-1,-1,-1,-1,-1,-1,-1,-1,Bahia?de?Los?Angeles,-1,Hermosillo,Hermosillo,Chihuahua,-1,-1,-1,&#22307;&#23433;&#19996;&#23612;&#22885;,&#20241;&#26031;&#25958;,-1,-1,-1,-1,-1,-1,&#22374;&#24085;,&#22885;&#20848;&#22810;,-1,-1,-1,-1,-1,-1,-1,-1,-1,-1,-1,-1,-1,-1,-1,-1,-1,-1,-1,-1,-1,-1,-1,-1,-1,-1,-1,-1,&#21152;&#36842;&#26031;,&#39532;&#25289;&#21152;,&#38463;&#23572;&#26757;&#37324;&#20122;,-1,-1,-1,Al-Jaza'ir,Al-Jaza'ir,Bijayah,Annaba,&#36838;&#22826;&#22522;,&#36838;&#22826;&#22522;,-1,-1,&#21465;&#25289;&#21476;,-1,-1,-1,-1,-1,-1,Chandax,&#20234;&#25289;&#20811;&#21033;&#32705;,-1,-1,-1,&#21335;&#23612;&#31185;&#35199;&#20122;,-1,-1,Jbeil,&#38669;&#22982;&#26031;,-1,Samarra,Sippar,Eshnunna,Khorram?Abad,-1,Aspadana,Ardakan,-1,Birjand,Farah,Farah,-1,-1,&#31185;&#21704;&#29305;,Faisalabad,Lavapuri,Ludhiana,Chandigarh,Haldwani,-1,-1,-1,Sakha?Dsong,&#26085;&#21888;&#21017;,&#25289;&#33832;,&#25289;&#33832;,&#26519;&#33437;,-1,-1,&#38597;&#23433;,&#23452;&#23486;,&#20869;&#27743;,&#37325;&#24198;,&#19975;&#24030;,&#24352;&#23478;&#30028;,&#33606;&#24030;,-1,&#23731;&#38451;,-1,&#34914;&#24030;,&#20250;&#31293;,&#23425;&#27874;,-1,-1,-1,-1,-1,-1,-1,-1,-1,-1,-1,-1,-1,-1,-1,-1,-1,-1,-1,-1,
47,-1,-1,-1,-1,-1,-1,-1,-1,-1,Bah&#237;a?Tortugas,Loreto,-1,-1,Ciudad?Obregon,Chihuahua,-1,-1,&#33945;&#29305;&#38647;,Corpus?Christi,-1,-1,-1,-1,-1,-1,-1,-1,&#36808;&#38463;&#23494;,-1,-1,-1,-1,-1,-1,-1,-1,-1,-1,-1,-1,-1,-1,-1,-1,-1,-1,-1,-1,-1,-1,-1,-1,-1,-1,-1,-1,-1,-1,-1,-1,Oran,Oran,Tiaret,-1,-1,-1,Kairouan,Hadrumetum,-1,-1,-1,-1,-1,-1,-1,-1,-1,-1,-1,-1,-1,-1,-1,-1,&#33487;&#23572;,&#22823;&#39532;&#22763;&#38761;,&#22823;&#39532;&#22763;&#38761;,-1,Ramadi,&#24052;&#27604;&#20262;,&#22522;&#20160;,Khorram?Abad,Aspadana,Aspadana,Shahpur,Yazd,-1,Zaranj,Zaranj,&#22350;&#22823;&#21704;,-1,&#26408;&#23572;&#22374;,Faisalabad,Jalandhar,Sangrur,&#22240;&#38464;&#32599;&#26222;&#25289;&#27801;,-1,-1,-1,-1,-1,-1,&#25289;&#33832;,&#25289;&#33832;,-1,&#22696;&#33073;,-1,&#29976;&#23388;,-1,-1,&#27896;&#24030;,&#36981;&#20041;,&#24576;&#21270;,&#24120;&#24503;,&#38271;&#27801;,&#23452;&#26149;,&#21335;&#26124;,&#19978;&#39286;,&#22788;&#24030;,&#28201;&#24030;,-1,-1,-1,-1,-1,-1,-1,-1,-1,-1,-1,-1,-1,-1,-1,-1,-1,-1,-1,-1,
46,-1,-1,-1,-1,-1,-1,-1,-1,-1,-1,La?Paz?de?California,-1,-1,Culiacan,Mazatlan,Torre&#225;n,Torre&#225;n,&#33945;&#29305;&#38647;,Reynosa,-1,-1,-1,-1,-1,-1,-1,-1,-1,-1,Nassau,-1,-1,-1,-1,-1,-1,-1,-1,-1,-1,-1,-1,-1,-1,-1,-1,-1,-1,-1,-1,-1,-1,-1,-1,-1,-1,-1,Tanja,-1,Melilla,Tlemcen,-1,-1,-1,-1,-1,-1,Safaqis,-1,-1,-1,-1,-1,-1,-1,-1,-1,-1,-1,-1,-1,-1,-1,-1,&#38463;&#21345;,Irbid,-1,-1,Karbala,&#20044;&#40065;&#20811;,&#29926;&#35199;&#29305;,&#29926;&#35199;&#29305;,Dezful,-1,Shahpur,Rafsanjan,Kerman,Zahedan,Zahedan,&#22862;&#36798;,Uch,&#24052;&#21704;&#29926;&#23572;&#24067;&#23572;,-1,-1,Sangrur,&#22240;&#38464;&#32599;&#26222;&#25289;&#27801;,Bareilly,-1,Gorakhpur,-1,-1,-1,-1,-1,-1,&#34255;&#21335;,&#36842;&#24198;,-1,&#20937;&#23665;,&#26157;&#36890;,&#20845;&#30424;&#27700;,-1,&#40660;&#19996;&#21335;,&#37045;&#38451;,&#34913;&#38451;,&#21513;&#23433;,&#25242;&#24030;,&#21335;&#24179;,&#31119;&#24030;,-1,-1,-1,-1,-1,&#39318;&#37324;,-1,-1,-1,-1,-1,-1,-1,-1,-1,-1,-1,-1,-1,-1,-1,
45,-1,-1,-1,-1,-1,-1,-1,-1,-1,-1,Cabo?San?Lucas,-1,-1,-1,Mazatlan,Zacatecas,Zacatecas,Ciudad?Victoria,Tampico,-1,-1,-1,-1,-1,-1,&#21704;&#29926;&#37027;,&#21704;&#29926;&#37027;,Santa?Clara,-1,-1,-1,Cockburn?Town,-1,-1,-1,-1,-1,-1,-1,-1,-1,-1,-1,-1,-1,-1,-1,-1,-1,-1,-1,-1,-1,-1,-1,-1,-1,&#25289;&#24052;&#29305;,&#33778;&#26031;,&#33778;&#26031;,-1,-1,-1,-1,-1,-1,-1,Tacape,Sabratha,&#30340;&#40654;&#27874;&#37324;,Leptis?Magna,-1,-1,-1,&#29677;&#21152;&#35199;,&#25176;&#24067;&#40065;&#20811;,-1,-1,Rosetta,Tamiat,-1,-1,-1,&#38597;&#27861;,&#32822;&#36335;&#25746;&#20919;,Amman,-1,-1,&#32435;&#26480;&#22827;,&#20044;&#40065;&#20811;,&#20044;&#23572;,&#24052;&#22763;&#25289;,Ahvaz,&#24085;&#33678;,Parsa,-1,-1,Bam,Zahedan,Alor,Alor,-1,-1,Nagaur,&#25995;&#26222;&#23572;,&#38463;&#26684;&#25289;,&#22350;&#26222;&#23572;,&#21202;&#20811;&#29785;,&#29926;&#25289;&#32435;&#35199;,-1,&#21326;&#27663;&#22478;,-1,-1,Bongaigaon,Guwahati,Guwahati,-1,Myitkyina,&#22823;&#29702;,-1,&#23433;&#39034;,&#36149;&#38451;,&#26690;&#26519;,&#27704;&#24030;,&#37108;&#24030;,&#27827;&#28304;,&#36195;&#24030;,&#40857;&#23721;,&#27849;&#24030;,-1,-1,&#21488;&#21271;,-1,-1,-1,-1,-1,-1,-1,-1,-1,-1,-1,-1,-1,-1,-1,-1,-1,-1,
44,-1,-1,-1,-1,-1,-1,-1,-1,-1,-1,-1,-1,-1,-1,Tepehuahcan,Tzintzuntz&#225;n,Tzintzuntz&#225;n,Potosi,Tlaxcala,-1,-1,-1,Uxmal,&#22855;&#29748;&#20234;&#23519;,-1,-1,-1,-1,Santiago?de?Cuba,Santiago?de?Cuba,-1,-1,-1,-1,-1,-1,-1,-1,-1,-1,-1,-1,-1,-1,-1,-1,-1,-1,-1,-1,-1,-1,Funchal,-1,-1,-1,Agadir,&#39532;&#25289;&#21888;&#20160;,Warsasat,-1,-1,-1,-1,-1,-1,-1,-1,-1,-1,-1,Leptis?Magna,&#33487;&#23572;&#29305;,-1,-1,&#29677;&#21152;&#35199;,&#25176;&#24067;&#40065;&#20811;,Amunia,&#20122;&#21382;&#23665;&#22823;&#37324;&#20122;,Per-Wadjet,&#30382;&#25289;&#32654;&#35199;&#26031;,Tamiat,Bur?Sa'id,&#21152;&#27801;,&#20122;&#21888;&#24052;,&#20122;&#21888;&#24052;,-1,-1,-1,-1,-1,&#22467;&#37324;&#37117;,-1,-1,&#24085;&#33678;,&#24085;&#33678;,Hormuz,Hormuz,Sowlan,&#27801;&#36203;&#23572;,-1,Tharri,-1,-1,Ajmer,&#25995;&#28006;&#23572;,&#29916;&#24278;&#23572;,-1,-1,&#29926;&#25289;&#32435;&#35199;,-1,&#21326;&#27663;&#22478;,Banka,Rajshahi,-1,Shillong,Imphal,-1,Bhamo,&#26222;&#27953;,&#26118;&#26126;,-1,&#21335;&#23425;,&#29577;&#26519;,&#26791;&#24030;,&#24191;&#24030;,&#24800;&#24030;,&#28526;&#27733;,&#21414;&#38376;,-1,-1,&#21488;&#20013;,&#33457;&#33714;,-1,-1,-1,-1,-1,-1,-1,-1,-1,-1,-1,-1,-1,-1,-1,-1,-1,-1,
43,&#29926;&#32993;,-1,-1,-1,-1,-1,-1,-1,-1,-1,-1,-1,-1,-1,Colima,Colima,-1,&#29305;&#35834;&#22855;&#33922;&#29305;&#20848;,-1,Cuauhtochco,-1,-1,Calakmul,Uaxactun,-1,-1,-1,-1,-1,-1,-1,&#22826;&#23376;&#28207;,&#22307;&#22810;&#26126;&#21508;,&#22307;&#22810;&#26126;&#21508;,-1,&#22307;&#32993;&#23433;,-1,-1,-1,-1,-1,-1,-1,-1,-1,-1,-1,-1,-1,-1,-1,-1,-1,-1,-1,-1,Sidi?Ifni,-1,-1,-1,-1,-1,-1,-1,-1,-1,-1,-1,-1,-1,-1,-1,Arae,Automala,Automala,Al-Jaghbub,&#38177;&#29926;&#32511;&#27954;&#35199;,&#38177;&#29926;&#32511;&#27954;,&#23391;&#33778;&#26031;&#35199;,&#23391;&#33778;&#26031;,Per-Atum,&#33487;&#20234;&#22763;,-1,-1,Tabuk,-1,-1,-1,Buraydah,-1,Ad-Dammam,-1,-1,-1,&#35199;&#25289;&#22827;,-1,Jask-e-kohne,Chabahar,&#29916;&#36798;&#23572;,&#36125;&#25289;,Mansura,-1,-1,Chittor,Kota,Bundi,Khajuraho,&#36158;&#24052;&#23572;&#26222;&#23572;,-1,-1,Gaya,Durgapur,Rajshahi,&#36798;&#21345;,&#36798;&#21345;,Chittagong,-1,Shwebo,Mogok,-1,-1,&#21271;&#28023;,&#33538;&#21517;,&#38451;&#27743;,&#29664;&#28023;,&#28145;&#22323;,-1,-1,-1,-1,&#39640;&#38596;,-1,-1,-1,-1,-1,-1,-1,-1,-1,-1,-1,-1,-1,-1,-1,-1,-1,-1,-1,
42,-1,-1,Maui,-1,-1,-1,-1,-1,-1,-1,-1,-1,-1,-1,-1,-1,Zacatollan,Acapulco,Xochistlahuaca,Cuauhtochco,-1,Palenque,&#38597;&#20811;&#26031;&#31302;&#22612;,Naranjo,-1,-1,-1,-1,Kingston,-1,-1,-1,-1,-1,-1,-1,-1,-1,-1,-1,-1,-1,-1,-1,-1,-1,-1,-1,-1,-1,-1,-1,Santa?Cruz?de?Tenerife,-1,-1,Al-'Ayyun,Al-'Ayyun,-1,-1,-1,-1,-1,-1,-1,-1,-1,-1,-1,-1,-1,-1,-1,-1,-1,-1,-1,Farafra,Farafra,Herakleopolis,Herakleopolis,Per-Atum,Per-Atum,-1,-1,Tabuk,Tayma,-1,-1,Buraydah,&#21033;&#38597;&#24471;,Al-Hofuf,Al-Qatif,-1,-1,-1,-1,-1,-1,-1,-1,&#21345;&#25289;&#22855;,Thatta,Anhilwara,Chittor,Indore,&#21338;&#24085;&#23572;,&#36158;&#24052;&#23572;&#26222;&#23572;,&#36158;&#24052;&#23572;&#26222;&#23572;,Bilaspur,-1,Ranchi,&#21152;&#23572;&#21508;&#31572;,&#21152;&#23572;&#21508;&#31572;,Tamralipti,-1,Chittagong,Monywa,&#26364;&#24503;&#25289;,Pyin?Oo?Lwin,Muang?Xai,-1,&#27827;&#20869;,&#28251;&#27743;,-1,-1,-1,-1,-1,-1,-1,-1,-1,-1,-1,-1,-1,-1,-1,-1,-1,-1,-1,-1,-1,-1,-1,-1,-1,-1,-1,
41,-1,-1,-1,-1,-1,-1,-1,-1,-1,-1,-1,-1,-1,-1,-1,-1,-1,-1,-1,Oaxaca,Oaxaca,Lakamha,&#38597;&#20811;&#26031;&#31302;&#22612;,-1,-1,-1,-1,-1,-1,-1,-1,-1,-1,-1,-1,-1,-1,Roseau,-1,-1,-1,-1,-1,-1,-1,-1,-1,-1,-1,-1,-1,-1,-1,-1,Ad-Dakhla,-1,-1,-1,-1,-1,-1,-1,-1,-1,-1,-1,-1,-1,-1,-1,-1,-1,-1,-1,-1,-1,-1,Abu?Minqar,Al-Kharijah,Khmun,&#38463;&#32943;&#37027;&#21534;,-1,Hurghada,-1,-1,&#40614;&#22320;&#37027;,&#40614;&#22320;&#37027;,-1,-1,&#21033;&#38597;&#24471;,&#21033;&#38597;&#24471;,Al-Qatif,Murwab,-1,-1,&#36842;&#25308;,-1,-1,-1,-1,-1,-1,Anhilwara,Khambhat,&#20044;&#36158;&#22240;,&#21338;&#24085;&#23572;,&#37027;&#26684;&#28006;&#23572;,&#37027;&#26684;&#28006;&#23572;,&#36182;&#24067;&#23572;,&#36182;&#24067;&#23572;,-1,&#31185;&#22612;&#20811;,-1,-1,-1,Mrohaung,&#33970;&#29976;,Taunggyi,Taunggyi,&#29701;&#21187;&#25289;&#37030;,-1,&#33635;&#24066;,-1,-1,&#19977;&#20122;,&#28023;&#21475;,-1,-1,-1,-1,-1,-1,-1,-1,-1,-1,-1,-1,-1,-1,-1,-1,-1,-1,-1,-1,-1,-1,-1,-1,
40,-1,-1,-1,-1,-1,-1,-1,-1,-1,-1,-1,-1,-1,-1,-1,-1,-1,-1,-1,-1,-1,-1,-1,Quirigu&#225;,-1,-1,-1,-1,-1,-1,-1,-1,-1,-1,-1,-1,-1,-1,-1,-1,-1,-1,-1,-1,-1,-1,-1,-1,-1,-1,-1,-1,-1,-1,Nouadhibou,-1,-1,-1,-1,Taghaza,Taodeni,-1,-1,Tessalit,Boughessa,-1,-1,-1,-1,-1,-1,-1,-1,-1,-1,-1,-1,-1,Al-Kharijah,Abdju,Edfu,&#24213;&#27604;&#26031;,Qusair,-1,-1,-1,&#40614;&#21152;,-1,-1,-1,-1,-1,-1,&#38463;&#24067;&#25166;&#27604;,&#38463;&#24067;&#25166;&#27604;,Suhar,Masqat,-1,-1,-1,-1,Dwarka,-1,Bharuch,Khandwa,Khandwa,-1,-1,-1,-1,-1,&#24067;&#24052;&#20869;&#26031;&#29926;&#23572;,-1,-1,-1,Sittwe,Magwe,Naypyidaw,&#28165;&#36808;,&#28165;&#36808;,&#19975;&#35937;,Ban?Phong,&#39034;&#21270;,-1,-1,-1,-1,-1,-1,-1,-1,Tuguegarao,-1,-1,-1,-1,-1,-1,-1,-1,-1,-1,-1,-1,-1,-1,-1,-1,-1,-1,
39,-1,-1,-1,-1,-1,-1,-1,-1,-1,-1,-1,-1,-1,-1,-1,-1,-1,-1,-1,-1,-1,-1,Kaminaljuyu,Cop&#225;n,-1,-1,-1,-1,-1,-1,-1,-1,-1,-1,-1,-1,-1,Bridgetown,-1,-1,-1,-1,-1,-1,-1,-1,-1,-1,-1,-1,-1,-1,-1,-1,Nouakchott,-1,-1,-1,Walata,Taghaza,Taodeni,-1,Tadmekka,Tadmekka,-1,-1,-1,-1,-1,-1,-1,-1,-1,-1,-1,-1,-1,-1,-1,Abu?Simbel,Nekhen,Yebu,Wadi?al-Jamal,Baranis,-1,-1,&#40614;&#21152;,Najran,Najran,-1,-1,-1,-1,-1,-1,Sour,Sour,-1,-1,-1,-1,-1,-1,&#23391;&#20080;,&#32435;&#35199;&#20811;,&#22885;&#20848;&#21152;&#24052;&#24503;,&#28023;&#24471;&#25289;&#24052;,&#28023;&#24471;&#25289;&#24052;,-1,-1,&#26031;&#37324;&#21152;&#21476;&#20848;,-1,-1,-1,-1,Cheduba,Pye,Toungoo,Sukhothai,Sukhothai,&#19975;&#35937;,&#19975;&#35937;,&#39034;&#21270;,&#22240;&#38464;&#32599;&#34917;&#32599;,&#22240;&#38464;&#32599;&#34917;&#32599;,-1,-1,-1,-1,-1,Baguio,Cabanatuan,-1,-1,-1,-1,-1,-1,-1,-1,-1,-1,-1,-1,-1,-1,-1,-1,-1,-1,
38,-1,-1,-1,-1,-1,-1,-1,-1,-1,-1,-1,-1,-1,-1,-1,-1,-1,-1,-1,-1,-1,-1,-1,-1,Managua,Bluefields,-1,-1,-1,-1,Maracaibo,-1,-1,-1,-1,-1,-1,-1,-1,-1,-1,-1,-1,-1,-1,-1,-1,-1,-1,-1,-1,-1,-1,-1,Nouakchott,-1,-1,Walata,Walata,Dir&#233;,&#24311;&#24052;&#20811;&#22270;,&#24311;&#24052;&#20811;&#22270;,Bourem,-1,-1,-1,-1,-1,-1,-1,-1,-1,-1,-1,-1,-1,-1,-1,-1,Para,Phrim,Abu?Hamad,Abu?Hamad,Port?Sudan,-1,-1,-1,Jizan,-1,-1,-1,-1,-1,-1,-1,As-Sawqirah,-1,-1,-1,-1,-1,-1,-1,&#28006;&#37027;,&#28006;&#37027;,-1,&#28023;&#24471;&#25289;&#24052;,&#28023;&#24471;&#25289;&#24052;,-1,&#32500;&#27801;&#21345;&#24085;&#29305;&#21335;,-1,-1,-1,-1,-1,Sandoway,Hinthada,Paigu,Thaton,Phitsanulok,&#25259;&#36808;,Preah?Vihear,&#23578;&#24085;&#33832;&#31185;,&#23578;&#24085;&#33832;&#31185;,&#24191;&#20041;,&#24191;&#20041;,-1,-1,-1,-1,&#39532;&#23612;&#25289;,Batangas,-1,-1,-1,-1,-1,-1,-1,Aga?a,-1,-1,-1,-1,-1,-1,-1,-1,-1,-1,
37,-1,-1,-1,-1,-1,-1,-1,-1,-1,-1,-1,-1,-1,-1,-1,-1,-1,-1,-1,-1,-1,-1,-1,-1,-1,&#22307;&#20309;&#22622;,-1,&#24052;&#25343;&#39532;&#22478;,-1,Barranquilla,-1,-1,Barquisimeto,Valencia,&#21152;&#25289;&#21152;&#26031;,Cumana,Tucupita,-1,-1,-1,-1,-1,-1,-1,-1,-1,-1,-1,-1,-1,-1,Praia,-1,-1,Saint-Louis-du-S&#233;n&#233;gal,Ka&#233;di,Awdaghost,Kumbi?Saleh,Kumbi?Saleh,Konna,&#24311;&#24052;&#20811;&#22270;,&#24311;&#24052;&#20811;&#22270;,Gao,-1,-1,-1,-1,-1,-1,-1,-1,-1,-1,-1,-1,-1,-1,-1,Tungul,Tungul,Gebel?Barkal,&#40614;&#32599;&#22467;,Atbara,Hamashkoraib,Karora,-1,-1,Hodeida,-1,&#33832;&#37027;,-1,-1,Saih&#250;t,Salalah,Salalah,-1,-1,-1,-1,-1,-1,-1,-1,&#25096;&#23572;&#21704;&#24067;&#23572;,&#32500;&#36158;&#32822;&#26222;&#25289;,&#27604;&#36158;&#24067;&#23572;,-1,-1,&#32500;&#26480;&#20122;&#29926;&#36798;,-1,-1,-1,-1,-1,-1,Sandoway,&#20208;&#20809;,&#20208;&#20809;,Ratchaburi,&#38463;&#29788;&#38464;&#32822;,&#25259;&#36808;,&#21556;&#21733;,Strung?Treng,Pleiku,&#27607;&#38407;&#32822;,&#27607;&#38407;&#32822;,-1,-1,-1,-1,-1,-1,Naga,-1,-1,-1,-1,-1,-1,-1,-1,-1,-1,-1,-1,-1,-1,-1,-1,-1,
36,-1,-1,-1,-1,-1,-1,-1,-1,-1,-1,-1,-1,-1,-1,-1,-1,-1,-1,-1,-1,-1,-1,-1,-1,-1,-1,David,-1,Medell&#237;n,Bucaramanga,C&#250;cuta,Merida,-1,Calabozo,Valle?de?la?Pascua,Ciudad?Bolivar,Guayana,San?Jos&#233;?de?Amacuro,-1,-1,-1,-1,-1,-1,-1,-1,-1,-1,-1,-1,-1,-1,-1,-1,Dakar,Tambacunda,Tambacunda,Bamako,&#24503;&#26480;&#24681;,Mopti,-1,-1,-1,Gao,-1,-1,-1,-1,-1,-1,-1,-1,-1,-1,-1,-1,-1,-1,-1,Omdurman,Omdurman,Al-Khartum,-1,Kassala,Massawa,-1,-1,-1,&#33832;&#37027;,-1,Al-Mukalla,Al-Mukalla,Saih&#250;t,-1,-1,-1,-1,-1,-1,-1,-1,-1,-1,&#26524;&#38463;,&#29926;&#22612;&#27604;,&#29926;&#22612;&#27604;,Anantapur,&#20869;&#27931;&#23572;,-1,-1,-1,-1,-1,-1,-1,-1,Pothein,-1,Ratchaburi,&#38463;&#29788;&#38464;&#32822;,Krung?Thep,-1,Vat?Nokor,Vat?Nokor,&#21476;&#31530;&#32599;,&#21476;&#31530;&#32599;,-1,-1,-1,Puerto?Princesa,-1,Ceb&#250;,Tacloban,-1,-1,-1,-1,-1,-1,-1,-1,-1,-1,-1,-1,-1,-1,-1,-1,-1,
35,-1,-1,-1,-1,-1,-1,-1,-1,-1,-1,-1,-1,-1,-1,-1,-1,-1,-1,-1,-1,-1,-1,-1,-1,-1,-1,-1,-1,-1,&#27874;&#21733;&#22823;,Tunja,-1,-1,-1,-1,-1,-1,Georgetown,Georgetown,-1,-1,-1,-1,-1,-1,-1,-1,-1,-1,-1,-1,-1,-1,-1,Ziguinchor,Kolda,Niani,Niani,&#24503;&#26480;&#24681;,&#24503;&#26480;&#24681;,Wahiguya,Wagadugu,-1,-1,Niamey,&#32034;&#31185;&#25176;,&#32034;&#31185;&#25176;,-1,-1,-1,-1,-1,-1,-1,-1,-1,-1,-1,-1,-1,-1,Sennar,Al-Khartum,&#36129;&#36798;,&#38463;&#20811;&#33487;&#22982;,Mek'ele,-1,-1,&#20122;&#19969;,Zinjibar,-1,-1,-1,-1,-1,-1,-1,-1,-1,-1,-1,-1,-1,-1,&#38376;&#26684;&#27931;&#23572;,&#27607;&#22882;&#32822;&#37027;&#20285;&#32599;,Tirupati,&#38054;&#22856;,-1,-1,-1,-1,-1,-1,-1,-1,Pothein,-1,Phrachuap?Khiri?Khan,-1,&#30917;&#36874;,&#37329;&#36793;,&#37329;&#36793;,&#35199;&#23425;,&#26222;&#21033;&#23433;&#21733;,&#26222;&#21033;&#23433;&#21733;,-1,-1,Puerto?Princesa,-1,-1,-1,-1,Butuan,-1,-1,-1,-1,-1,-1,-1,-1,-1,-1,-1,-1,-1,-1,-1,-1,
34,-1,-1,-1,-1,-1,Kiritimati,-1,-1,-1,-1,-1,-1,-1,-1,-1,-1,-1,-1,-1,-1,-1,-1,-1,-1,-1,-1,-1,-1,Cali,&#27874;&#21733;&#22823;,-1,Villavicencio,-1,-1,-1,-1,-1,-1,-1,Nieuw?Amsterdam,Paramaribo,Sinnamary,-1,-1,-1,-1,-1,-1,-1,-1,-1,-1,-1,-1,-1,Bissau,Tambacunda,Niani,-1,-1,Bobo-Dioulasso,Wagadugu,-1,-1,Kandi,Ibeto,-1,-1,-1,Garoua,N'Djamena,-1,-1,-1,-1,-1,-1,-1,-1,-1,-1,Malakal,Shawira,-1,-1,Dessie,&#21513;&#24067;&#25552;,-1,-1,-1,-1,-1,-1,-1,-1,-1,-1,-1,-1,-1,-1,-1,-1,-1,&#38376;&#26684;&#27931;&#23572;,&#27607;&#22882;&#32822;&#37027;&#20285;&#32599;,&#27607;&#22882;&#32822;&#37027;&#20285;&#32599;,&#26412;&#22320;&#27835;&#37324;,-1,-1,-1,-1,-1,-1,-1,-1,-1,-1,Chaiya,-1,-1,&#30917;&#36874;,&#20420;&#21380;,&#27801;&#27813;,&#33590;&#33635;,-1,-1,-1,-1,-1,-1,Iligan,Cagayan?de?Oro,&#36798;&#27779;,-1,-1,Koror,-1,-1,-1,-1,-1,-1,-1,-1,-1,-1,-1,-1,-1,
33,-1,-1,-1,-1,-1,-1,-1,-1,-1,-1,-1,-1,-1,-1,-1,-1,-1,-1,-1,-1,-1,-1,-1,-1,-1,-1,-1,Ibarra,Cali,-1,Villavicencio,-1,-1,-1,-1,-1,-1,Boa?Vista,-1,-1,-1,-1,Cayenne,-1,-1,-1,-1,-1,-1,-1,-1,-1,-1,-1,-1,-1,Conakry,Gabu,-1,-1,Korhogo,Wa,Tamale,Sokode,Parakou,Ibadan,Bida,Abuja,-1,Ngaoundere,Maroua,-1,-1,-1,-1,-1,-1,-1,-1,-1,-1,-1,Bahir?Dar,-1,Lalibela,Debre?Berhan,Dire?Dawa,Hargeisa,-1,Dardura,Dardura,-1,-1,-1,-1,-1,-1,-1,-1,-1,-1,-1,-1,-1,-1,&#21733;&#21360;&#25308;&#38464;,Tanjapuri,Tanjapuri,-1,-1,-1,-1,-1,-1,-1,-1,-1,-1,Phuket,Nakhon?si?Thammarat,-1,-1,&#37329;&#29935;,&#34180;&#23534;,-1,-1,-1,Kota?Kinabalu,-1,-1,Zamboanga,-1,Kota?Wato,-1,-1,-1,-1,-1,-1,-1,-1,-1,-1,-1,-1,-1,-1,-1,-1,-1,
32,-1,-1,-1,-1,-1,-1,-1,-1,-1,-1,-1,-1,-1,-1,-1,-1,-1,-1,-1,-1,-1,-1,-1,-1,-1,-1,Manta,&#22522;&#22810;,-1,-1,-1,-1,-1,-1,-1,-1,-1,Boa?Vista,-1,-1,-1,-1,Macap&#225;,-1,-1,-1,-1,-1,-1,-1,-1,-1,-1,-1,-1,-1,-1,Monrovia,Makeni,-1,Yamoussoukro,Kumasi,&#38463;&#20811;&#25289;,Lome,Porto?Novo,&#25289;&#21508;&#26031;,&#36125;&#23425;,Onitsha,-1,-1,-1,-1,-1,-1,-1,-1,-1,Wau,Wau,-1,-1,Gambela,Nekemte,Debre?Markos,&#20122;&#30340;&#26031;&#20122;&#36125;&#24052;,Adama,Dire?Dawa,Kebri?Dehar,Galkayo,Asum,-1,-1,-1,-1,-1,-1,-1,-1,-1,-1,-1,-1,-1,-1,-1,&#20811;&#38054;,&#39532;&#26460;&#36182;,-1,-1,-1,-1,-1,-1,-1,-1,-1,-1,-1,-1,Kedah,Kelantan,-1,-1,-1,-1,-1,&#25991;&#33713;&#28286;,-1,Sandakan,-1,-1,-1,-1,-1,-1,-1,-1,-1,-1,-1,-1,-1,-1,-1,-1,-1,-1,-1,-1,-1,
31,-1,-1,-1,-1,-1,-1,-1,-1,-1,-1,-1,-1,-1,-1,-1,-1,-1,-1,-1,-1,-1,-1,-1,-1,-1,-1,Guayaquil,&#22862;&#22270;,-1,-1,-1,-1,-1,-1,-1,-1,-1,-1,-1,-1,-1,-1,-1,&#36125;&#20262;,&#36125;&#20262;,S?o?Luis,-1,-1,-1,-1,-1,-1,-1,-1,-1,-1,-1,-1,San-Pedro,Abidjan,Abidjan,Takoradi,&#38463;&#20811;&#25289;,-1,-1,-1,Warri,Calabar,-1,-1,-1,Bangui,-1,-1,-1,-1,-1,-1,-1,Juba,-1,Machi,Arba?Minch,-1,-1,Melka?Chireti,Xuddur,Beledweyne,Hobya,-1,-1,-1,-1,-1,-1,-1,-1,-1,-1,-1,-1,-1,-1,-1,-1,-1,&#29305;&#37324;&#20961;&#24471;&#29701;,-1,&#36158;&#22827;&#32435;,-1,-1,-1,-1,-1,-1,Banda?Aceh,&#26825;&#20848;,-1,-1,&#28129;&#39532;&#38177;,Pahang,-1,-1,-1,-1,Bintulu,-1,Tarakan,-1,-1,-1,-1,-1,-1,-1,-1,-1,-1,-1,-1,-1,-1,-1,-1,-1,-1,-1,-1,-1,-1,
30,-1,-1,-1,-1,-1,-1,-1,-1,-1,-1,-1,-1,-1,-1,-1,-1,-1,-1,-1,-1,-1,-1,-1,-1,-1,-1,-1,Tomebamba,-1,-1,-1,-1,-1,-1,-1,-1,-1,&#29595;&#29785;&#26031;,&#29595;&#29785;&#26031;,-1,-1,Santar&#233;m,-1,-1,-1,S?o?Luis,S?o?Luis,Fortaleza,Fortaleza,-1,-1,-1,-1,-1,-1,-1,-1,-1,-1,-1,-1,-1,-1,-1,-1,-1,-1,-1,Duala,Yaunde,Berberati,Bangui,Gemena,-1,-1,Kisangani,-1,-1,Arua,Gulu,-1,Kakuma,-1,Finchawa,-1,-1,Baidoa,&#25705;&#21152;&#36842;&#27801;,-1,-1,-1,-1,-1,-1,-1,-1,-1,-1,-1,-1,-1,-1,-1,-1,-1,-1,-1,-1,&#38463;&#21162;&#25289;&#24503;&#26222;&#21202;,&#20141;&#21487;&#39532;&#37324;,-1,-1,-1,-1,-1,-1,-1,&#26825;&#20848;,-1,-1,&#26032;&#21152;&#22369;,-1,-1,Singkawang,Kucing,Bintulu,-1,Tanjung?Kutei,-1,-1,Gorontalo,Manado,-1,Ternate,-1,-1,-1,-1,-1,-1,-1,-1,-1,-1,-1,-1,-1,-1,-1,-1,
29,-1,-1,-1,-1,-1,-1,-1,-1,-1,-1,-1,-1,-1,-1,-1,-1,-1,-1,-1,-1,-1,-1,-1,-1,-1,-1,Vitcos,Vitcos,-1,-1,-1,-1,-1,-1,-1,-1,-1,-1,-1,-1,-1,-1,-1,Marab&#225;,Imperatriz,-1,Teresina,Juazeiro?do?Norte,Mossoro,Natal,-1,-1,-1,-1,-1,-1,-1,-1,-1,-1,-1,-1,-1,-1,-1,-1,S?o?Tom&#233;,-1,Libreville,-1,-1,-1,-1,-1,-1,-1,-1,-1,Mahagi,-1,Kampala,-1,Kisumu,Marsabit,-1,Jilib,Merka,-1,-1,-1,-1,-1,-1,-1,-1,-1,-1,-1,-1,-1,-1,-1,Dhivehi,-1,-1,-1,-1,-1,&#38463;&#21162;&#25289;&#24503;&#26222;&#21202;,&#21345;&#36798;&#25289;&#21152;&#29595;,-1,-1,-1,-1,-1,-1,-1,Barus,Panai,-1,-1,-1,-1,Pontianak,Serian,-1,-1,Balikpapan,-1,Luwu,-1,-1,-1,-1,-1,Sorong,-1,Maffin,Jayapura,Wewak,-1,-1,-1,-1,-1,-1,-1,-1,-1,-1,
28,-1,-1,-1,-1,Tokelau,-1,-1,-1,-1,-1,-1,-1,-1,-1,-1,-1,-1,-1,-1,-1,-1,-1,-1,-1,-1,-1,-1,&#26124;&#26124;,-1,Pucallpa,-1,-1,-1,-1,-1,-1,-1,-1,-1,-1,-1,-1,-1,Aragua&#237;na,Balsas,-1,-1,Petrolina,Campina?Grande,&#32047;&#35199;&#33107;,-1,-1,-1,-1,-1,-1,-1,-1,-1,-1,-1,-1,-1,-1,-1,-1,-1,-1,Port-Gentil,-1,-1,-1,Mbandaka,-1,-1,-1,Ubundu,Bunia,-1,Mbarara,-1,-1,-1,-1,Malindi,Kismayo,-1,-1,-1,-1,-1,-1,-1,-1,-1,-1,-1,-1,-1,-1,-1,-1,-1,-1,-1,-1,-1,-1,-1,-1,-1,-1,-1,-1,-1,-1,-1,Padang,Pekanbaru,Muaro?Jambi,Muaro?Jambi,-1,-1,-1,Sukadana,Palangkaraya,Banjarmasin,Banjarmasin,-1,Polewali,Banggawi,-1,Fogi,Ambwan,-1,Kaimana,Nabire,-1,-1,-1,Madan,-1,Javeku,&#25289;&#21253;&#23572;,-1,-1,-1,-1,-1,-1,
27,-1,Funafuti,-1,-1,-1,-1,-1,-1,-1,-1,-1,-1,-1,-1,-1,-1,-1,-1,-1,-1,-1,-1,-1,-1,-1,-1,-1,&#26124;&#26124;,-1,-1,-1,-1,-1,-1,-1,-1,-1,-1,-1,-1,-1,-1,-1,Paraiso?do?Tocantins,Palmas,-1,-1,Cama?ari,Aracaju,-1,-1,-1,-1,-1,-1,-1,-1,-1,-1,-1,-1,-1,-1,-1,-1,-1,-1,-1,-1,Pointe-Noire,-1,Brazzaville,Bandundu,Oshwe,Ilebo,-1,Kindu,Bukavu,-1,Kigali,-1,-1,Musoma,Nairobi,&#33945;&#24052;&#33832;,-1,-1,-1,-1,-1,-1,-1,-1,-1,-1,-1,-1,-1,-1,-1,-1,-1,-1,-1,-1,-1,-1,-1,-1,-1,-1,-1,-1,-1,-1,-1,-1,-1,-1,Bengkulu,&#24052;&#37051;&#24040;&#28207;,&#24052;&#37051;&#24040;&#28207;,-1,-1,-1,-1,-1,-1,-1,Makassar,Butun,-1,-1,-1,-1,-1,-1,-1,Agats,Balimo,-1,Lae,-1,-1,-1,-1,-1,-1,-1,-1,
26,-1,-1,-1,-1,-1,-1,-1,-1,-1,-1,-1,-1,-1,-1,Nuku?Hiva,-1,-1,-1,-1,-1,-1,-1,-1,-1,-1,-1,-1,Wanuku?Pampa,-1,-1,-1,-1,-1,-1,-1,-1,-1,Porto?Velho,-1,-1,-1,-1,-1,-1,-1,Barreiras,-1,Salvador?da?Bahia,-1,-1,-1,-1,-1,-1,-1,-1,-1,-1,-1,-1,-1,-1,-1,-1,-1,-1,-1,-1,-1,-1,Cabinda,Kinshasa,Bandundu,Kikwit,Idiofa,Mweka,-1,Kalemie,-1,-1,Uyovu,Mwanza,-1,Tanga,-1,-1,-1,-1,-1,-1,-1,-1,-1,-1,-1,-1,-1,-1,-1,-1,-1,-1,-1,-1,-1,-1,-1,-1,-1,-1,-1,-1,-1,-1,-1,-1,-1,-1,-1,-1,Bengkulu,Palas?Pasemah,-1,-1,-1,-1,-1,-1,-1,-1,-1,-1,-1,-1,Palau?Jamdena,-1,Trangan,-1,Merauke,Daru,-1,&#33707;&#23572;&#26031;&#27604;&#28207;,Alotau,-1,-1,-1,-1,Nendo,-1,-1,
25,-1,-1,-1,-1,-1,-1,-1,-1,-1,-1,-1,-1,-1,-1,-1,-1,-1,-1,-1,-1,-1,-1,-1,-1,-1,-1,-1,-1,Pachakamaq,-1,-1,-1,Antawaylla,-1,-1,-1,-1,Porto?Velho,Ji-Paran&#225;,-1,-1,-1,-1,-1,&#24052;&#35199;&#21033;&#20122;,-1,Vit&#225;ria?da?Conquista,Ilh&#233;us,-1,-1,-1,-1,-1,-1,-1,-1,-1,-1,-1,-1,-1,-1,-1,-1,-1,-1,-1,-1,-1,-1,&#22982;&#29677;&#36190;&#21018;&#26524;,&#22982;&#29677;&#36190;&#21018;&#26524;,Kasongo-Lunda,Kisandji,Tshikapa,Kananga,Mbuji-Mayi,Kalemie,-1,Kigoma,Tabora,-1,Dodoma,Dar?es-Salaam,-1,Zanzibar,-1,-1,-1,-1,-1,-1,-1,-1,-1,-1,-1,-1,-1,-1,-1,-1,-1,-1,-1,-1,-1,-1,-1,-1,-1,-1,-1,-1,-1,-1,-1,-1,-1,-1,-1,-1,-1,Sundapura,&#19975;&#38534;,Semarang,Wilwatikta,-1,-1,-1,Ende,-1,Timur,-1,-1,-1,-1,-1,-1,-1,-1,-1,-1,-1,-1,-1,-1,-1,-1,-1,
24,-1,-1,-1,-1,-1,-1,-1,-1,-1,-1,-1,-1,-1,-1,-1,-1,-1,-1,-1,-1,-1,-1,-1,-1,-1,-1,-1,-1,Pachakamaq,Inkawasi,&#24211;&#26031;&#31185;,&#24211;&#26031;&#31185;,-1,-1,-1,Trinidad,-1,-1,Rolim?de?Moura,-1,-1,-1,An&#225;polis,&#24052;&#35199;&#21033;&#20122;,&#24052;&#35199;&#21033;&#20122;,-1,Vit&#225;ria?da?Conquista,Porto?Seguro,-1,-1,-1,-1,-1,-1,-1,-1,-1,-1,-1,-1,-1,-1,-1,-1,-1,-1,-1,-1,-1,-1,Luanda,Malanje,Cuango-Luzamba,Kahemba,Lucapa,Samakwo,Mwene-Ditu,Pweto,-1,-1,Mbeya,-1,Iringa,Kilwa,-1,-1,-1,-1,-1,-1,-1,-1,-1,-1,-1,-1,-1,-1,-1,-1,-1,-1,-1,-1,-1,-1,-1,-1,-1,-1,-1,-1,-1,-1,-1,-1,-1,-1,-1,-1,-1,-1,Sumur,Bogor,-1,Purwokerto,Kediri,Denpasar,Bima,-1,-1,Kupang,-1,-1,-1,-1,-1,-1,-1,-1,-1,-1,-1,-1,-1,-1,-1,-1,-1,-1,
23,-1,-1,-1,-1,Manu'a,-1,-1,-1,-1,-1,-1,-1,-1,-1,-1,-1,-1,-1,-1,-1,-1,-1,-1,-1,-1,-1,-1,-1,-1,Nazca,-1,-1,Ullantaytanpu,-1,-1,-1,Santa?Cruz?de?la?Sierra,-1,-1,Cuiab&#225;,Primavera?do?Leste,Barra?do?Gar?as,Goiania,Goiania,Uberlandia,-1,Belo?Horizonte,S?o?Mateus,-1,-1,-1,-1,-1,-1,-1,-1,-1,-1,-1,-1,-1,-1,-1,-1,-1,-1,-1,-1,-1,-1,Luanda,Ebo,Huambo,-1,-1,-1,-1,-1,-1,-1,Chitipa,-1,Songea,Masasi,Mtwara,-1,Moroni,-1,-1,Diego?Suarez,-1,-1,-1,-1,-1,-1,-1,-1,-1,-1,-1,-1,-1,-1,-1,-1,-1,-1,-1,-1,-1,-1,-1,-1,-1,-1,-1,-1,-1,-1,-1,-1,-1,-1,-1,-1,-1,-1,-1,-1,-1,-1,-1,-1,-1,&#36798;&#23572;&#25991;,Nhulunbuy,-1,-1,Somerset,-1,-1,-1,-1,-1,-1,-1,-1,Vanuatu,-1,
22,-1,Viti?Levu,-1,-1,-1,-1,-1,-1,-1,-1,Bora?Bora,-1,-1,-1,-1,-1,-1,-1,-1,-1,-1,-1,-1,-1,-1,-1,-1,-1,-1,-1,Nazca,Ariqipaya,-1,-1,Tiyawanaku,-1,Santa?Cruz?de?la?Sierra,Santa?Cruz?de?la?Sierra,-1,Corumb&#225;,Rondon&#225;polis,-1,Rio?Verde,Ribeirao?Preto,Uberlandia,-1,Campos,&#37324;&#32422;&#28909;&#20869;&#21346;,-1,-1,-1,-1,-1,-1,-1,-1,-1,-1,-1,-1,-1,-1,-1,-1,-1,-1,-1,-1,-1,Namibe,Benguela,-1,Huambo,-1,-1,-1,-1,-1,-1,-1,Mzuzu,-1,Mbamba,Montepuez,Pemba,-1,-1,-1,Mahajanga,-1,-1,-1,-1,-1,-1,-1,-1,-1,-1,-1,-1,-1,-1,-1,-1,-1,-1,-1,-1,-1,-1,-1,-1,-1,-1,-1,-1,-1,-1,-1,-1,-1,-1,-1,-1,-1,-1,-1,-1,-1,-1,-1,Mitchell?Plateau,-1,Thamarrurr,Daly?River,Numbulwar,-1,-1,Aurukun,Cooktown,-1,-1,-1,-1,-1,-1,-1,-1,-1,
21,-1,-1,-1,-1,-1,Niue,-1,-1,-1,-1,-1,-1,&#22612;&#24076;&#25552;,-1,-1,-1,-1,-1,-1,-1,-1,-1,-1,-1,-1,-1,-1,-1,-1,-1,-1,-1,Ariqipaya,-1,Potosi,-1,Camiri,-1,-1,-1,Campo?Grande,-1,-1,Campinas,-1,&#37324;&#32422;&#28909;&#20869;&#21346;,&#37324;&#32422;&#28909;&#20869;&#21346;,-1,-1,-1,-1,-1,-1,-1,-1,-1,-1,-1,-1,-1,-1,-1,-1,-1,-1,-1,-1,-1,-1,Namibe,Lubango,Namacunde,-1,-1,-1,-1,-1,-1,-1,-1,Lilongwe,-1,Lichinga,Nampula,Nacala,-1,-1,Maintirano,Madirovalo,Antalaha,-1,-1,-1,-1,-1,-1,-1,-1,-1,-1,-1,-1,-1,-1,-1,-1,-1,-1,-1,-1,-1,-1,-1,-1,-1,-1,-1,-1,-1,-1,-1,-1,-1,-1,-1,-1,-1,-1,-1,-1,-1,Derby,Gibb,Kununurra,Timber?Creek,-1,-1,Borroloola,-1,Pormpuraaw,Cairns,-1,-1,-1,-1,-1,-1,Kone,-1,-1,
20,-1,-1,-1,Mu'a,-1,-1,-1,-1,-1,-1,-1,-1,-1,-1,-1,-1,-1,-1,-1,-1,-1,-1,-1,-1,-1,-1,-1,-1,-1,-1,-1,-1,-1,Arika,-1,-1,Tarija,-1,-1,-1,-1,-1,-1,&#22307;&#20445;&#32599;,&#22307;&#20445;&#32599;,-1,-1,-1,-1,-1,-1,-1,-1,-1,-1,-1,-1,-1,-1,-1,-1,-1,-1,-1,-1,-1,-1,-1,-1,Orupembe,Opuwo,Ondangwa,-1,-1,-1,-1,-1,-1,-1,-1,-1,Blantyre,Mocuba,&#22862;&#21033;&#39532;&#23612;,-1,-1,-1,Morondava,Antananarivo,Toamasina,-1,-1,-1,-1,-1,-1,Port?Louis,-1,-1,-1,-1,-1,-1,-1,-1,-1,-1,-1,-1,-1,-1,-1,-1,-1,-1,-1,-1,-1,-1,-1,-1,-1,-1,-1,-1,-1,-1,-1,-1,-1,Broome,-1,-1,-1,-1,-1,-1,Borroloola,Carpentaria,Normanton,-1,Townsville,-1,-1,-1,-1,-1,-1,Noumea,-1,
19,-1,-1,-1,-1,-1,-1,-1,-1,-1,Rarotonga,-1,-1,-1,-1,-1,-1,Mangareva,-1,-1,-1,-1,-1,-1,-1,-1,-1,-1,-1,-1,-1,-1,-1,-1,Iquique,-1,-1,Tarija,-1,-1,Asunci&#225;n,Foz?do?Igua?u,-1,-1,Curitiba,-1,-1,-1,-1,-1,-1,-1,-1,-1,-1,-1,-1,-1,-1,-1,-1,-1,-1,-1,-1,-1,-1,-1,-1,-1,Mowe?Bay,Kamanjab,-1,-1,-1,-1,-1,-1,-1,-1,Harare,-1,-1,&#22862;&#21033;&#39532;&#23612;,-1,-1,-1,Morombe,Morondava,-1,-1,-1,-1,-1,?le?Bourbon,-1,-1,-1,-1,-1,-1,-1,-1,-1,-1,-1,-1,-1,-1,-1,-1,-1,-1,-1,-1,-1,-1,-1,-1,-1,-1,-1,-1,-1,-1,-1,-1,-1,-1,Karratha,Port?Holland,-1,-1,-1,-1,-1,-1,-1,-1,-1,-1,-1,-1,Rockhampton,-1,-1,-1,-1,-1,-1,-1,
18,-1,-1,-1,-1,-1,-1,-1,-1,-1,-1,-1,-1,-1,-1,-1,-1,-1,-1,-1,-1,Rapa?Nui,-1,-1,-1,-1,-1,-1,-1,-1,-1,-1,-1,-1,Antofagasta,-1,-1,Salta,-1,Formosa,Asunci&#225;n,Foz?do?Igua?u,-1,Porto?Alegre,-1,-1,-1,-1,-1,-1,-1,-1,-1,-1,-1,-1,-1,-1,-1,-1,-1,-1,-1,-1,-1,-1,-1,-1,-1,-1,-1,Swakopmund,-1,Grootfontein,-1,-1,-1,-1,-1,-1,-1,-1,&#32034;&#27861;&#25289;,-1,-1,-1,-1,Toliara,Fotadrevo,Fort?Dauphin,-1,-1,-1,-1,-1,-1,-1,-1,-1,-1,-1,-1,-1,-1,-1,-1,-1,-1,-1,-1,-1,-1,-1,-1,-1,-1,-1,-1,-1,-1,-1,-1,-1,-1,-1,-1,-1,Exmouth,Onslow,-1,-1,-1,-1,-1,-1,-1,-1,-1,-1,-1,-1,-1,-1,-1,Sunshine?Coast,-1,-1,-1,-1,-1,-1,
17,-1,-1,-1,-1,-1,-1,-1,-1,-1,-1,-1,-1,-1,-1,-1,-1,-1,-1,-1,-1,-1,-1,-1,-1,-1,-1,-1,-1,-1,-1,-1,-1,-1,Copiap&#225;,-1,-1,Tucum&#225;n,-1,Resistencia,Corrientes,Posadas,Caxias?do?Sul,Porto?Alegre,-1,-1,-1,-1,-1,-1,-1,-1,-1,-1,-1,-1,-1,-1,-1,-1,-1,-1,-1,-1,-1,-1,-1,-1,-1,-1,-1,-1,Luderitz,Windhoek,-1,-1,-1,Pretoria,-1,-1,Mo?ambique,Xai-Xai,-1,-1,-1,-1,-1,-1,Ambovombe,-1,-1,-1,-1,-1,-1,-1,-1,-1,-1,-1,-1,-1,-1,-1,-1,-1,-1,-1,-1,-1,-1,-1,-1,-1,-1,-1,-1,-1,-1,-1,-1,-1,-1,-1,-1,-1,-1,Coral?Bay,-1,-1,-1,-1,-1,-1,-1,-1,-1,-1,-1,-1,-1,-1,-1,-1,&#24067;&#37324;&#26031;&#29677;,-1,-1,-1,-1,-1,-1,
16,-1,-1,-1,-1,-1,-1,-1,-1,-1,-1,-1,-1,-1,-1,-1,-1,-1,-1,-1,-1,-1,-1,-1,-1,-1,-1,-1,-1,-1,-1,-1,-1,-1,La?Serena,-1,La?Rioja,-1,Reconquista,Goya,-1,Santa?Maria,Porto?Alegre,-1,-1,-1,-1,-1,-1,-1,-1,-1,-1,-1,-1,-1,-1,-1,-1,-1,-1,-1,-1,-1,-1,-1,-1,-1,-1,-1,-1,-1,Luderitz,-1,-1,-1,-1,&#32422;&#32752;&#20869;&#26031;&#22561;,-1,Mbabane,Mo?ambique,-1,-1,-1,-1,-1,-1,-1,-1,-1,-1,-1,-1,-1,-1,-1,-1,-1,-1,-1,-1,-1,-1,-1,-1,-1,-1,-1,-1,-1,-1,-1,-1,-1,-1,-1,-1,-1,-1,-1,-1,-1,-1,-1,-1,-1,-1,Camarvon,-1,-1,-1,-1,-1,-1,-1,-1,-1,-1,-1,-1,-1,-1,-1,-1,Gold?Coast,-1,-1,-1,-1,-1,-1,
15,-1,-1,-1,-1,-1,-1,-1,-1,-1,-1,-1,-1,-1,-1,-1,-1,-1,-1,-1,-1,-1,-1,-1,-1,-1,-1,-1,-1,-1,-1,-1,-1,-1,Coqimpu,-1,-1,-1,-1,Concordia,Rivera,Rivera,Rio?Grande,-1,-1,-1,-1,-1,-1,-1,-1,-1,-1,-1,-1,-1,-1,-1,-1,-1,-1,-1,-1,-1,-1,-1,-1,-1,-1,-1,-1,-1,Port?Nolloth,-1,Springbok,-1,-1,-1,-1,-1,Richards?Bay,-1,-1,-1,-1,-1,-1,-1,-1,-1,-1,-1,-1,-1,-1,-1,-1,-1,-1,-1,-1,-1,-1,-1,-1,-1,-1,-1,-1,-1,-1,-1,-1,-1,-1,-1,-1,-1,-1,-1,-1,-1,-1,-1,-1,-1,-1,Geraldton,-1,-1,-1,-1,-1,-1,-1,-1,-1,-1,-1,-1,-1,-1,-1,-1,Coffs?Harbour,-1,-1,-1,-1,-1,-1,
14,-1,-1,-1,-1,-1,-1,-1,-1,-1,-1,-1,-1,-1,-1,-1,-1,-1,-1,-1,-1,-1,-1,-1,-1,-1,-1,-1,-1,-1,-1,-1,-1,-1,Ovalle,-1,-1,C&#225;rdoba,Santa?Fe,Concepc&#237;on?del?Uruguay,Colonia?del?Sacramento,&#33945;&#24471;&#32500;&#30340;&#20122;,-1,-1,-1,-1,-1,-1,-1,-1,-1,-1,-1,-1,-1,-1,-1,-1,-1,-1,-1,-1,-1,-1,-1,-1,-1,-1,-1,-1,-1,-1,-1,Vredendal,Upington,-1,&#24067;&#38534;&#26041;&#20025;,-1,-1,&#24503;&#29677;,-1,-1,-1,-1,-1,-1,-1,-1,-1,-1,-1,-1,-1,-1,-1,-1,-1,-1,-1,-1,-1,-1,-1,-1,-1,-1,-1,-1,-1,-1,-1,-1,-1,-1,-1,-1,-1,-1,-1,-1,-1,-1,-1,-1,-1,-1,-1,Cervantes,-1,-1,-1,-1,-1,-1,-1,-1,-1,-1,-1,-1,-1,-1,-1,-1,Port?Macquarie,-1,-1,-1,-1,-1,-1,
13,-1,-1,-1,-1,-1,-1,-1,-1,-1,-1,-1,-1,-1,-1,-1,-1,-1,-1,-1,-1,-1,-1,-1,-1,-1,-1,-1,-1,-1,-1,-1,-1,-1,&#22307;&#22320;&#20122;&#21733;,-1,Mendoza,-1,Rosario,&#24067;&#23452;&#35834;&#26031;&#33406;&#21033;&#26031;,-1,-1,-1,-1,-1,-1,-1,-1,-1,-1,-1,-1,-1,-1,-1,-1,-1,-1,-1,-1,-1,-1,-1,-1,-1,-1,-1,-1,-1,-1,-1,-1,-1,-1,Vredenburg,-1,-1,-1,East?London,-1,-1,-1,-1,-1,-1,-1,-1,-1,-1,-1,-1,-1,-1,-1,-1,-1,-1,-1,-1,-1,-1,-1,-1,-1,-1,-1,-1,-1,-1,-1,-1,-1,-1,-1,-1,-1,-1,-1,-1,-1,-1,-1,-1,-1,-1,-1,-1,-1,&#29632;&#26031;,-1,-1,Caiguna,Madura,Eucla,Fowlers?Bay,-1,-1,-1,-1,-1,-1,-1,-1,-1,Newcastle,-1,-1,-1,-1,-1,-1,
12,Whangarei,-1,-1,-1,-1,-1,-1,-1,-1,-1,-1,-1,-1,-1,-1,-1,-1,-1,-1,-1,-1,-1,-1,-1,-1,-1,-1,-1,-1,-1,-1,-1,-1,&#22307;&#22320;&#20122;&#21733;,-1,-1,-1,-1,&#24067;&#23452;&#35834;&#26031;&#33406;&#21033;&#26031;,&#25289;&#26222;&#25289;&#22612;,-1,-1,-1,-1,-1,-1,-1,-1,-1,-1,-1,-1,-1,-1,-1,-1,-1,-1,-1,-1,-1,-1,-1,-1,-1,-1,-1,-1,-1,-1,-1,-1,&#24320;&#26222;&#25958;,Stellenbosch,George,&#20234;&#20029;&#33678;&#30333;&#28207;,East?London,-1,-1,-1,-1,-1,-1,-1,-1,-1,-1,-1,-1,-1,-1,-1,-1,-1,-1,-1,-1,-1,-1,-1,-1,-1,-1,-1,-1,-1,-1,-1,-1,-1,-1,-1,-1,-1,-1,-1,-1,-1,-1,-1,-1,-1,-1,-1,-1,-1,Busselton,Bunbury,Albany,Esperance,-1,-1,-1,-1,Smoky?Bay,-1,Port?Augusta,-1,-1,-1,-1,-1,&#24713;&#23612;,-1,-1,-1,-1,-1,-1,-1,
11,-1,&#22885;&#20811;&#20848;,-1,-1,-1,-1,-1,-1,-1,-1,-1,-1,-1,-1,-1,-1,-1,-1,-1,-1,-1,-1,-1,-1,-1,-1,-1,-1,-1,-1,-1,-1,Concepci&#225;n?de?Chile,-1,-1,-1,-1,Bah&#237;a?Blanca,Bah&#237;a?Blanca,Mar?del?Plata,-1,-1,-1,-1,-1,-1,-1,-1,-1,-1,-1,-1,-1,-1,-1,-1,-1,-1,-1,-1,-1,-1,-1,-1,-1,-1,-1,-1,-1,-1,-1,-1,&#24320;&#26222;&#25958;,Stellenbosch,George,&#20234;&#20029;&#33678;&#30333;&#28207;,East?London,-1,-1,-1,-1,-1,-1,-1,-1,-1,-1,-1,-1,-1,-1,-1,-1,-1,-1,-1,-1,-1,-1,-1,-1,-1,-1,-1,-1,-1,-1,-1,-1,-1,-1,-1,-1,-1,-1,-1,-1,-1,-1,-1,-1,-1,-1,-1,-1,-1,-1,-1,-1,-1,-1,-1,-1,-1,-1,Port?Lincoln,-1,&#38463;&#24503;&#33713;&#24503;,-1,-1,-1,-1,&#22570;&#22521;&#25289;,-1,-1,-1,-1,-1,-1,-1,
10,-1,Hamilton,Gisborne,-1,-1,-1,-1,-1,-1,-1,-1,-1,-1,-1,-1,-1,-1,-1,-1,-1,-1,-1,-1,-1,-1,-1,-1,-1,-1,-1,-1,-1,Valdivia,-1,San?Carlos?de?Bariloche,-1,Las?Grutas,Viedma,-1,-1,-1,-1,-1,-1,-1,-1,-1,-1,-1,-1,-1,-1,-1,-1,-1,-1,-1,-1,-1,-1,-1,-1,-1,-1,-1,-1,-1,-1,-1,-1,-1,-1,-1,-1,-1,-1,-1,-1,-1,-1,-1,-1,-1,-1,-1,-1,-1,-1,-1,-1,-1,-1,-1,-1,-1,-1,-1,-1,-1,-1,-1,-1,-1,-1,-1,-1,-1,-1,-1,-1,-1,-1,-1,-1,-1,-1,-1,-1,-1,-1,-1,-1,-1,-1,-1,-1,-1,-1,-1,-1,-1,-1,-1,-1,-1,-1,-1,&#38463;&#24503;&#33713;&#24503;,-1,-1,Bendigo,Albury,-1,-1,-1,-1,-1,-1,-1,-1,
9,New?Plymouth,-1,-1,-1,-1,-1,-1,-1,-1,-1,-1,-1,-1,-1,-1,-1,-1,-1,-1,-1,-1,-1,-1,-1,-1,-1,-1,-1,-1,-1,-1,-1,Puerto?Montt,San?Carlos?de?Bariloche,-1,-1,Trelew,-1,-1,-1,-1,-1,-1,-1,-1,-1,-1,-1,-1,-1,-1,-1,-1,-1,-1,-1,-1,-1,-1,-1,-1,-1,-1,-1,-1,-1,-1,-1,-1,-1,-1,-1,-1,-1,-1,-1,-1,-1,-1,-1,-1,-1,-1,-1,-1,-1,-1,-1,-1,-1,-1,-1,-1,-1,-1,-1,-1,-1,-1,-1,-1,-1,-1,-1,-1,-1,-1,-1,-1,-1,-1,-1,-1,-1,-1,-1,-1,-1,-1,-1,-1,-1,-1,-1,-1,-1,-1,-1,-1,-1,-1,-1,-1,-1,-1,-1,-1,-1,Mount?Gambier,Warrnambool,Melbourne,Traralgon,-1,-1,-1,-1,-1,-1,-1,-1,
8,-1,&#24800;&#28789;&#39039;,-1,-1,-1,-1,-1,-1,-1,-1,-1,-1,-1,-1,-1,-1,-1,-1,-1,-1,-1,-1,-1,-1,-1,-1,-1,-1,-1,-1,-1,-1,-1,-1,-1,-1,Trelew,-1,-1,-1,-1,-1,-1,-1,-1,-1,-1,-1,-1,-1,-1,-1,-1,-1,-1,-1,-1,-1,-1,-1,-1,-1,-1,-1,-1,-1,-1,-1,-1,-1,-1,-1,-1,-1,-1,-1,-1,-1,-1,-1,-1,-1,-1,-1,-1,-1,-1,-1,-1,-1,-1,-1,-1,-1,-1,-1,-1,-1,-1,-1,-1,-1,-1,-1,-1,-1,-1,-1,-1,-1,-1,-1,-1,-1,-1,-1,-1,-1,-1,-1,-1,-1,-1,-1,-1,-1,-1,-1,-1,-1,-1,-1,-1,-1,-1,-1,-1,-1,-1,-1,-1,-1,-1,-1,-1,-1,-1,-1,-1,-1,
7,Blenheim,-1,-1,-1,-1,-1,-1,-1,-1,-1,-1,-1,-1,-1,-1,-1,-1,-1,-1,-1,-1,-1,-1,-1,-1,-1,-1,-1,-1,-1,-1,-1,-1,-1,-1,Comodoro?Rivadavia,-1,-1,-1,-1,-1,-1,-1,-1,-1,-1,-1,-1,-1,-1,-1,-1,-1,-1,-1,-1,-1,-1,-1,-1,-1,-1,-1,-1,-1,-1,-1,-1,-1,-1,-1,-1,-1,-1,-1,-1,-1,-1,-1,-1,-1,-1,-1,-1,-1,-1,-1,-1,-1,-1,-1,-1,-1,-1,-1,-1,-1,-1,-1,-1,-1,-1,-1,-1,-1,-1,-1,-1,-1,-1,-1,-1,-1,-1,-1,-1,-1,-1,-1,-1,-1,-1,-1,-1,-1,-1,-1,-1,-1,-1,-1,-1,-1,-1,-1,-1,-1,-1,-1,-1,Launceston,Launceston,-1,-1,-1,-1,-1,-1,-1,Greymouth,
6,Christchurch,-1,-1,-1,-1,-1,-1,-1,-1,-1,-1,-1,-1,-1,-1,-1,-1,-1,-1,-1,-1,-1,-1,-1,-1,-1,-1,-1,-1,-1,-1,-1,-1,-1,-1,Jaramillo,Puerto?Deseado,-1,-1,-1,-1,-1,-1,-1,-1,-1,-1,-1,-1,-1,-1,-1,-1,-1,-1,-1,-1,-1,-1,-1,-1,-1,-1,-1,-1,-1,-1,-1,-1,-1,-1,-1,-1,-1,-1,-1,-1,-1,-1,-1,-1,-1,-1,-1,-1,-1,-1,-1,-1,-1,-1,-1,-1,-1,-1,-1,-1,-1,-1,-1,-1,-1,-1,-1,-1,-1,-1,-1,-1,-1,-1,-1,-1,-1,-1,-1,-1,-1,-1,-1,-1,-1,-1,-1,-1,-1,-1,-1,-1,-1,-1,-1,-1,-1,-1,-1,-1,-1,-1,-1,Hobart,-1,-1,-1,-1,-1,-1,-1,-1,-1,
5,-1,-1,-1,-1,-1,-1,-1,-1,-1,-1,-1,-1,-1,-1,-1,-1,-1,-1,-1,-1,-1,-1,-1,-1,-1,-1,-1,-1,-1,-1,-1,-1,-1,-1,-1,Rio?Gallegos,-1,-1,-1,-1,-1,-1,-1,-1,-1,-1,-1,-1,-1,-1,-1,-1,-1,-1,-1,-1,-1,-1,-1,-1,-1,-1,-1,-1,-1,-1,-1,-1,-1,-1,-1,-1,-1,-1,-1,-1,-1,-1,-1,-1,-1,-1,-1,-1,-1,-1,-1,-1,-1,-1,-1,-1,-1,-1,-1,-1,-1,-1,-1,-1,-1,-1,-1,-1,-1,-1,-1,-1,-1,-1,-1,-1,-1,-1,-1,-1,-1,-1,-1,-1,-1,-1,-1,-1,-1,-1,-1,-1,-1,-1,-1,-1,-1,-1,-1,-1,-1,-1,-1,-1,-1,-1,-1,-1,-1,-1,-1,-1,-1,Dunedin,
4,-1,-1,-1,-1,-1,-1,-1,-1,-1,-1,-1,-1,-1,-1,-1,-1,-1,-1,-1,-1,-1,-1,-1,-1,-1,-1,-1,-1,-1,-1,-1,-1,-1,-1,Punta?Arenas,Rio?Grande,-1,-1,-1,-1,-1,-1,-1,-1,-1,-1,-1,-1,-1,-1,-1,-1,-1,-1,-1,-1,-1,-1,-1,-1,-1,-1,-1,-1,-1,-1,-1,-1,-1,-1,-1,-1,-1,-1,-1,-1,-1,-1,-1,-1,-1,-1,-1,-1,-1,-1,-1,-1,-1,-1,-1,-1,-1,-1,-1,-1,-1,-1,-1,-1,-1,-1,-1,-1,-1,-1,-1,-1,-1,-1,-1,-1,-1,-1,-1,-1,-1,-1,-1,-1,-1,-1,-1,-1,-1,-1,-1,-1,-1,-1,-1,-1,-1,-1,-1,-1,-1,-1,-1,-1,-1,-1,-1,-1,-1,-1,-1,-1,Invercargill,Dunedin,
3,-1,-1,-1,-1,-1,-1,-1,-1,-1,-1,-1,-1,-1,-1,-1,-1,-1,-1,-1,-1,-1,-1,-1,-1,-1,-1,-1,-1,-1,-1,-1,-1,-1,-1,-1,Ushuaia,Ushuaia,-1,-1,-1,-1,-1,-1,-1,-1,-1,-1,-1,-1,-1,-1,-1,-1,-1,-1,-1,-1,-1,-1,-1,-1,-1,-1,-1,-1,-1,-1,-1,-1,-1,-1,-1,-1,-1,-1,-1,-1,-1,-1,-1,-1,-1,-1,-1,-1,-1,-1,-1,-1,-1,-1,-1,-1,-1,-1,-1,-1,-1,-1,-1,-1,-1,-1,-1,-1,-1,-1,-1,-1,-1,-1,-1,-1,-1,-1,-1,-1,-1,-1,-1,-1,-1,-1,-1,-1,-1,-1,-1,-1,-1,-1,-1,-1,-1,-1,-1,-1,-1,-1,-1,-1,-1,-1,-1,-1,-1,-1,-1,-1,-1,
2,-1,-1,-1,-1,-1,-1,-1,-1,-1,-1,-1,-1,-1,-1,-1,-1,-1,-1,-1,-1,-1,-1,-1,-1,-1,-1,-1,-1,-1,-1,-1,-1,-1,-1,-1,-1,-1,-1,-1,-1,-1,-1,-1,-1,-1,-1,-1,-1,-1,-1,-1,-1,-1,-1,-1,-1,-1,-1,-1,-1,-1,-1,-1,-1,-1,-1,-1,-1,-1,-1,-1,-1,-1,-1,-1,-1,-1,-1,-1,-1,-1,-1,-1,-1,-1,-1,-1,-1,-1,-1,-1,-1,-1,-1,-1,-1,-1,-1,-1,-1,-1,-1,-1,-1,-1,-1,-1,-1,-1,-1,-1,-1,-1,-1,-1,-1,-1,-1,-1,-1,-1,-1,-1,-1,-1,-1,-1,-1,-1,-1,-1,-1,-1,-1,-1,-1,-1,-1,-1,-1,-1,-1,-1,-1,-1,-1,-1,-1,-1,-1,
1,-1,-1,-1,-1,-1,-1,-1,-1,-1,-1,-1,-1,-1,-1,-1,-1,-1,-1,-1,-1,-1,-1,-1,-1,-1,-1,-1,-1,-1,-1,-1,-1,-1,-1,-1,-1,-1,-1,-1,-1,-1,-1,-1,-1,-1,-1,-1,-1,-1,-1,-1,-1,-1,-1,-1,-1,-1,-1,-1,-1,-1,-1,-1,-1,-1,-1,-1,-1,-1,-1,-1,-1,-1,-1,-1,-1,-1,-1,-1,-1,-1,-1,-1,-1,-1,-1,-1,-1,-1,-1,-1,-1,-1,-1,-1,-1,-1,-1,-1,-1,-1,-1,-1,-1,-1,-1,-1,-1,-1,-1,-1,-1,-1,-1,-1,-1,-1,-1,-1,-1,-1,-1,-1,-1,-1,-1,-1,-1,-1,-1,-1,-1,-1,-1,-1,-1,-1,-1,-1,-1,-1,-1,-1,-1,-1,-1,-1,-1,-1,-1,
0,-1,-1,-1,-1,-1,-1,-1,-1,-1,-1,-1,-1,-1,-1,-1,-1,-1,-1,-1,-1,-1,-1,-1,-1,-1,-1,-1,-1,-1,-1,-1,-1,-1,-1,-1,-1,-1,-1,-1,-1,-1,-1,-1,-1,-1,-1,-1,-1,-1,-1,-1,-1,-1,-1,-1,-1,-1,-1,-1,-1,-1,-1,-1,-1,-1,-1,-1,-1,-1,-1,-1,-1,-1,-1,-1,-1,-1,-1,-1,-1,-1,-1,-1,-1,-1,-1,-1,-1,-1,-1,-1,-1,-1,-1,-1,-1,-1,-1,-1,-1,-1,-1,-1,-1,-1,-1,-1,-1,-1,-1,-1,-1,-1,-1,-1,-1,-1,-1,-1,-1,-1,-1,-1,-1,-1,-1,-1,-1,-1,-1,-1,-1,-1,-1,-1,-1,-1,-1,-1,-1,-1,-1,-1,-1,-1,-1,-1,-1,-1,-1,
,0,-1,-1,-1,-1,-1,-1,-1,-1,-1,-1,-1,-1,-1,-1,-1,-1,-1,-1,-1,-1,-1,-1,-1,-1,-1,-1,-1,-1,-1,-1,-1,-1,-1,-1,-1,-1,-1,-1,-1,-1,-1,-1,-1,-1,-1,-1,-1,-1,-1,-1,-1,-1,-1,-1,-1,-1,-1,-1,-1,-1,-1,-1,-1,-1,-1,-1,-1,-1,-1,-1,-1,-1,-1,-1,-1,-1,-1,-1,-1,-1,-1,-1,-1,-1,-1,-1,-1,-1,-1,-1,-1,-1,-1,-1,-1,-1,-1,-1,-1,-1,-1,-1,-1,-1,-1,-1,-1,-1,-1,-1,-1,-1,-1,-1,-1,-1,-1,-1,-1,-1,-1,-1,-1,-1,-1,-1,-1,-1,-1,-1,-1,-1,-1,-1,-1,-1,-1,-1,-1,-1,-1,-1,-1,-1,-1,-1,-1,-1,-1,
